Horário (BRT),País / Liga,Partida (Mandante x Visitante),Mercado Recomendado,Prob. Real (P%),Odd Justa,Odd Casa/Alvo,EV% Estimado,Stake Recomendada
14/09 08:00,Ukraine - U21 League,Polissya Zhytomyr U21 x Livyi Bereh U21,Gol Limite 2ºT (Over 0.5 2HT),84%,1.19,1.75,+47.0%,1.5u
14/09 14:20,Sweden - Allsvenskan,Sirius x Degerfors,Over 1.5 FT,95%,1.05,1.13,+7.3%,1.0u
14/09 14:20,Sweden - Allsvenskan,Sirius x Degerfors,Over 0.5 HT,90%,1.11,1.22,+9.8%,1.0u
14/09 14:45,Portugal - Liga NOS,Rio Ave FC x Estrela Amadora,Over 1.5 FT,100%,1.0,1.33,+33.0%,1.5u
14/09 14:45,Portugal - Liga NOS,Rio Ave FC x Estrela Amadora,Over 3.5 FT,75%,1.33,3.55,+166.2%,1.5u
14/09 15:00,Argentina - Primera C,Fénix x Centro Español,Gol Limite 2ºT (Over 0.5 2HT),70%,1.43,1.75,+22.5%,1.5u
14/09 15:00,Sweden - Division 2 Sodra Svealand,Haninge x Syrianska,Gol Limite 2ºT (Over 0.5 2HT),88%,1.14,1.75,+54.0%,1.5u
14/09 15:00,Netherlands - Eerste Divisie,PSV II x AZ II,Gol Limite 2ºT (Over 0.5 2HT),88%,1.14,1.75,+54.0%,1.5u
14/09 15:00,Netherlands - Eerste Divisie,PSV II x AZ II,Ambas Marcam (BTTS Yes),88%,1.14,1.29,+13.5%,1.0u
14/09 15:00,Netherlands - Eerste Divisie,Utrecht II x Ajax II,Over 8.5 Cantos,84%,1.19,1.38,+15.9%,1.5u
14/09 15:00,Netherlands - Eerste Divisie,Utrecht II x Ajax II,Gol Limite 2ºT (Over 0.5 2HT),71%,1.41,1.75,+24.2%,1.5u
14/09 15:00,Romania - Liga I,FCSB x Petrolul 52,Over 0.5 HT,100%,1.0,1.26,+26.0%,1.5u
14/09 15:00,Romania - Liga I,FCSB x Petrolul 52,Over 1.5 HT,75%,1.33,2.42,+81.5%,1.5u
14/09 15:00,Iraq - Iraqi Premier League,Erbil x Al-Karma,Over 1.5 FT,100%,1.0,1.35,+35.0%,1.5u
14/09 15:00,Iraq - Iraqi Premier League,Erbil x Al-Karma,Gol Limite 2ºT (Over 0.5 2HT),88%,1.14,1.75,+54.0%,1.5u
14/09 15:30,Spain - Segunda División,Celta de Vigo II x SD Eibar,Gol Limite 2ºT (Over 0.5 2HT),100%,1.0,1.75,+75.0%,1.5u
14/09 15:30,Republic of Ireland - Munster Senior League,Midleton x Rockmount,Gol Limite 2ºT (Over 0.5 2HT),75%,1.33,1.75,+31.2%,1.5u
14/09 15:45,France - Ligue 2,Red Star x Metz,Over 8.5 Cantos,75%,1.33,1.52,+14.0%,1.0u
14/09 15:45,Republic of Ireland - Premier Division,Sligo Rovers x Galway United,Gol Limite 2ºT (Over 0.5 2HT),79%,1.27,1.75,+38.3%,1.5u
14/09 15:45,Republic of Ireland - Premier Division,Waterford x Derry City,Gol Limite 2ºT (Over 0.5 2HT),84%,1.19,1.75,+47.0%,1.5u
14/09 15:45,Republic of Ireland - Premier Division,Shelbourne x Drogheda United,Gol Limite 2ºT (Over 0.5 2HT),83%,1.2,1.75,+45.2%,1.5u
14/09 15:45,Republic of Ireland - Premier Division,Shelbourne x Drogheda United,Over 1.5 FT,83%,1.2,1.3,+7.9%,1.0u
14/09 15:45,Republic of Ireland - Premier Division,Dundalk x St Patrick's Athl.,Gol Limite 2ºT (Over 0.5 2HT),79%,1.27,1.75,+38.3%,1.5u
14/09 15:45,Italy - Serie A,Inter Milan x Udinese,Ambas Marcam (BTTS Yes),100%,1.0,2.03,+103.0%,1.5u
14/09 15:45,Italy - Serie A,Inter Milan x Udinese,Over 3.5 FT,100%,1.0,2.0,+100.0%,1.5u
14/09 15:45,England - Isthmian Premier Division,Aveley x Wingate & Finchley,Over 8.5 Cantos,100%,1.0,1.58,+58.0%,1.5u
14/09 15:45,England - Isthmian Premier Division,Aveley x Wingate & Finchley,Gol Limite 2ºT (Over 0.5 2HT),93%,1.08,1.75,+62.8%,1.5u
14/09 15:45,England - Northern Midlands Division One,Barwell x Sutton Coldfield Town,Gol Limite 2ºT (Over 0.5 2HT),83%,1.2,1.75,+45.2%,1.5u
14/09 16:00,Spain - La Liga,Villarreal x Real Betis,Over 3.5 FT,75%,1.33,2.45,+83.8%,1.5u
14/09 16:00,England - Premier League,Leeds United x Newcastle United,Gol Limite 2ºT (Over 0.5 2HT),100%,1.0,1.75,+75.0%,1.5u
14/09 16:00,Spain - La Liga,Villarreal x Real Betis,Gol Limite 2ºT (Over 0.5 2HT),100%,1.0,1.75,+75.0%,1.5u
14/09 16:00,Northern Ireland - Premiership Development League,Coleraine U20 x Cliftonville U20,Over 2.5 FT,100%,1.0,1.25,+25.0%,1.5u
14/09 16:00,England - Premier League,Leeds United x Newcastle United,Over 9.5 Cantos,100%,1.0,1.62,+62.0%,1.5u
14/09 16:00,Northern Ireland - Premiership Development League,Bangor FC Under 20 x Limavady United U20,Gol Limite 2ºT (Over 0.5 2HT),84%,1.19,1.75,+47.0%,1.5u
14/09 16:00,Northern Ireland - Premiership Development League,Crusaders U20 x Linfield U20,Gol Limite 2ºT (Over 0.5 2HT),75%,1.33,1.75,+31.2%,1.5u
14/09 16:00,Northern Ireland - Premiership Development League,Bangor FC Under 20 x Limavady United U20,Over 2.5 FT,100%,1.0,1.28,+28.0%,1.5u
14/09 16:00,Northern Ireland - Premiership Development League,Glentoran U20 x Dungannon Swifts FC Under 20,Gol Limite 2ºT (Over 0.5 2HT),75%,1.33,1.75,+31.2%,1.5u
14/09 16:00,Northern Ireland - Premiership Development League,Glentoran U20 x Dungannon Swifts FC Under 20,Over 2.5 FT,100%,1.0,1.16,+16.0%,1.5u
14/09 16:00,Northern Ireland - Premiership Development League,Ballymena United FC Under 20 x Larne U20,Over 2.5 FT,100%,1.0,1.25,+25.0%,1.5u
14/09 16:00,Northern Ireland - Premiership Development League,Ballymena United FC Under 20 x Larne U20,Gol Limite 2ºT (Over 0.5 2HT),100%,1.0,1.75,+75.0%,1.5u
14/09 16:00,Northern Ireland - Premiership Development League,Portadown U20 x Carrick Rangers FC Under 20,Over 2.5 FT,100%,1.0,1.25,+25.0%,1.5u
14/09 16:15,Portugal - Liga NOS,Moreirense FC x CS Marítimo,Over 2.5 FT,100%,1.0,2.23,+123.0%,1.5u
14/09 16:15,Portugal - Liga NOS,Moreirense FC x CS Marítimo,Gol Limite 2ºT (Over 0.5 2HT),100%,1.0,1.75,+75.0%,1.5u
14/09 16:30,Paraguay - Division Intermedia,Benjamin Aceval x Paraguarí,Over 0.5 HT,78%,1.28,1.4,+9.2%,1.0u
14/09 16:45,Portugal - Liga NOS,Sporting Braga x GD Estoril Praia,Gol Limite 2ºT (Over 0.5 2HT),100%,1.0,1.75,+75.0%,1.5u
14/09 18:00,Chile - Primera B,Deportes Santa Cruz x Recoleta,Gol Limite 2ºT (Over 0.5 2HT),78%,1.28,1.75,+36.5%,1.5u
14/09 18:00,Chile - Primera B,Deportes Santa Cruz x Recoleta,Ambas Marcam (BTTS Yes),70%,1.43,1.71,+19.7%,1.5u
14/09 19:00,Argentina - Primera División,Deportivo Riestra x Lanús,Gol Limite 2ºT (Over 0.5 2HT),71%,1.41,1.75,+24.2%,1.5u
14/09 19:00,Brazil - Goiano 2,Morrinhos x Trindade,Gol Limite 2ºT (Over 0.5 2HT),90%,1.11,1.75,+57.5%,1.5u
14/09 19:00,Brazil - Goiano 2,Morrinhos x Trindade,Over 1.5 FT,90%,1.11,1.33,+19.7%,1.5u
14/09 19:00,Paraguay - Division Intermedia,Independiente FBC x Encarnación,Gol Limite 2ºT (Over 0.5 2HT),78%,1.28,1.75,+36.5%,1.5u
14/09 19:30,Brazil - Serie B,Botafogo SP x Goiás,Over 1.5 FT,82%,1.22,1.5,+23.0%,1.5u
14/09 19:30,Brazil - Serie B,Botafogo SP x Goiás,Gol Limite 2ºT (Over 0.5 2HT),82%,1.22,1.75,+43.5%,1.5u
14/09 19:30,Brazil - Serie B,América Mineiro x São Bernardo,Gol Limite 2ºT (Over 0.5 2HT),85%,1.18,1.75,+48.8%,1.5u
14/09 19:30,Brazil - Serie B,América Mineiro x São Bernardo,Over 8.5 Cantos,85%,1.18,1.3,+10.5%,1.0u
14/09 19:45,Colombia - Categoria Primera B,Orsomarso x Atlético,Gol Limite 2ºT (Over 0.5 2HT),74%,1.35,1.75,+29.5%,1.5u
14/09 20:00,Brazil - Serie A,Bahia x Remo,Over 1.5 FT,89%,1.12,1.21,+7.7%,1.0u
14/09 20:00,Brazil - Serie A,Bahia x Remo,Over 0.5 HT,85%,1.18,1.3,+10.5%,1.0u
14/09 20:30,Chile - Primera División,Unión La Calera x Deportes Limache,Gol Limite 2ºT (Over 0.5 2HT),87%,1.15,1.75,+52.2%,1.5u
14/09 20:30,Chile - Primera División,Unión La Calera x Deportes Limache,Over 8.5 Cantos,82%,1.22,1.4,+14.8%,1.0u
14/09 20:30,Chile - Primera B,Rangers x Deportes Iquique,Gol Limite 2ºT (Over 0.5 2HT),79%,1.27,1.75,+38.3%,1.5u
14/09 21:00,Ecuador - Primera Categoría Serie A,CD Universidad Católica x Orense SC,Gol Limite 2ºT (Over 0.5 2HT),93%,1.08,1.75,+62.8%,1.5u
14/09 21:00,Mexico - Liga MX Femenil,Toluca Women x Tijuana Women,Gol Limite 2ºT (Over 0.5 2HT),75%,1.33,1.75,+31.2%,1.5u
14/09 21:00,Mexico - Liga MX Femenil,Toluca Women x Tijuana Women,Ambas Marcam (BTTS Yes),75%,1.33,1.52,+14.0%,1.0u
14/09 21:15,Argentina - Primera División,Instituto x Estudiantes Río Cuarto,Gol Limite 2ºT (Over 0.5 2HT),75%,1.33,1.75,+31.2%,1.5u
14/09 21:30,Brazil - Serie B,Avaí x Vila Nova,Gol Limite 2ºT (Over 0.5 2HT),70%,1.43,1.75,+22.5%,1.5u
14/09 22:00,Guatemala - Liga Nacional de Fútbol de Guatemala,Antigua GFC x Suchitepéquez,Gol Limite 2ºT (Over 0.5 2HT),88%,1.14,1.75,+54.0%,1.5u
14/09 22:00,Guatemala - Liga Nacional de Fútbol de Guatemala,Antigua GFC x Suchitepéquez,Over 1.5 FT,94%,1.06,1.21,+13.7%,1.0u
14/09 22:00,Mexico - Liga MX Femenil,Pachuca Women x León Women,Gol Limite 2ºT (Over 0.5 2HT),84%,1.19,1.75,+47.0%,1.5u
14/09 22:00,Colombia - Categoria Primera A,América de Cali x Deportivo Pasto,Gol Limite 2ºT (Over 0.5 2HT),76%,1.32,1.75,+33.0%,1.5u
14/09 22:00,Mexico - Liga MX,León x Atlético San Luis,Gol Limite 2ºT (Over 0.5 2HT),86%,1.16,1.75,+50.5%,1.5u
14/09 22:00,Costa Rica - Liga de Ascenso,Pitbulls x Desamparados,Gol Limite 2ºT (Over 0.5 2HT),100%,1.0,1.75,+75.0%,1.5u
