Data_Hora_GMT,Pais,Liga,Time_Casa,Time_Fora,Maior_Average_Pct,Over25_Pct,BTTS_Pct,Over15_HT_Pct,Over15_FT_Pct,Odd_Casa,Odd_Empate,Odd_Fora,Odd_Over25,Odd_BTTS_Sim,Mercados_Destaque
Sep 13 2026 - 8:00am,Japan,Japan Football League,Urayasu,Verspah Oita,100,100,100,100,100,2.8,3.1,2.3,,,Over 2.5: 100% | BTTS: 100% | Over 1.5 HT: 100%
Sep 13 2026 - 9:30am,Japan,J1 League,Urawa Reds,Fagiano Okayama,100,100,100,100,100,2.21,3.48,2.7,1.86,1.74,Over 2.5: 100% | BTTS: 100% | Over 1.5 HT: 100%
Sep 13 2026 - 10:00am,Spain,Tercera Group 15,Subiza,CD Valle Egüés,100,100,100,100,100,1.97,3.5,3.24,1.75,,Over 2.5: 100% | BTTS: 100% | Over 1.5 HT: 100%
Sep 13 2026 - 10:00am,Spain,División De Honor Juvenil Group 2,Real Valladolid U19,Real Sociedad U19,100,100,100,100,100,2.5,3.3,2.35,1.7,,Over 2.5: 100% | BTTS: 100% | Over 1.5 HT: 100%
Sep 13 2026 - 10:00am,Spain,División De Honor Juvenil Group 5,Alcorcón U19,Sporting Hortaleza U19,100,100,100,100,100,,,,,,Over 2.5: 100% | BTTS: 100% | Over 1.5 HT: 100%
Sep 13 2026 - 10:00am,Spain,Tercera Group 10,Córdoba II,Chiclana,100,100,100,100,100,2.2,2.9,3.1,2.2,,Over 2.5: 100% | BTTS: 100% | Over 1.5 HT: 100%
Sep 13 2026 - 1:00pm,Africa,CAF Confederations Cup,Singida Black Stars,Al-Ghazal,100,100,100,100,100,,,,,,Over 2.5: 100% | BTTS: 100% | Over 1.5 HT: 100%
Sep 13 2026 - 1:00pm,Italy,Serie D Group F,Vigor Senigallia,Real Giulianova Ssd,100,100,100,100,100,,,,2.13,1.83,Over 2.5: 100% | BTTS: 100% | Over 1.5 HT: 100%
Sep 13 2026 - 1:00pm,Italy,Serie D Group H,Martina Franca,Real Forio,100,100,100,100,100,2.3,3.15,2.85,1.95,,Over 2.5: 100% | BTTS: 100% | Over 1.5 HT: 100%
Sep 13 2026 - 1:00pm,Italy,Serie D Group H,USD Palmese,Turris Neapolis,100,100,100,100,100,,,,1.97,1.75,Over 2.5: 100% | BTTS: 100% | Over 1.5 HT: 100%
Sep 13 2026 - 1:30pm,Turkey,2 Lig Beyaz,Aliağa FAŞ,Isparta Davrazspor,100,100,100,100,100,1.67,3.5,4.2,1.77,1.74,Over 2.5: 100% | BTTS: 100% | Over 1.5 HT: 100%
Sep 13 2026 - 3:00pm,Spain,Tercera Group 16,CD Alfaro,Yagüe,100,100,100,100,100,,,,,,Over 2.5: 100% | BTTS: 100% | Over 1.5 HT: 100%
Sep 13 2026 - 3:00pm,Nigeria,NPFL,Barau,Ranchers Bees,100,100,100,100,100,1.5,3.65,7.0,,,Over 2.5: 100% | BTTS: 100% | Over 1.5 HT: 100%
Sep 13 2026 - 3:00pm,Spain,Segunda División RFEF Group 1,Arosa,Gernika Club,100,100,100,100,100,2.11,3.1,3.25,2.0,,Over 2.5: 100% | BTTS: 100% | Over 1.5 HT: 100%
Sep 13 2026 - 3:00pm,Spain,Segunda División RFEF Group 1,Bergantiños,SD Amorebieta,100,100,100,100,100,2.05,3.05,3.3,2.15,,Over 2.5: 100% | BTTS: 100% | Over 1.5 HT: 100%
Sep 13 2026 - 4:00pm,Croatia,Prva HNL Juniori,Mladost Ždralovi U19,Istra 1961 U19,100,100,100,100,100,2.49,3.7,2.33,1.57,,Over 2.5: 100% | BTTS: 100% | Over 1.5 HT: 100%
Sep 13 2026 - 4:00pm,Turkey,2 Lig Kirmizi,Sakaryaspor,Adana 1954 FK,100,100,100,100,100,,,,,,Over 2.5: 100% | BTTS: 100% | Over 1.5 HT: 100%
Sep 13 2026 - 4:00pm,Turkey,2 Lig Beyaz,Muş Menderesspor,Menemen Belediyespor,100,100,100,100,100,,,,,,Over 2.5: 100% | BTTS: 100% | Over 1.5 HT: 100%
Sep 13 2026 - 5:00pm,Spain,Tercera Group 10,Linense,Tomares,100,100,100,100,100,1.7,3.0,5.0,,,Over 2.5: 100% | BTTS: 100% | Over 1.5 HT: 100%
Sep 13 2026 - 1:30pm,Switzerland,1. Liga Promotion,Lugano II,Basel II,100,100,100,84,100,3.45,4.0,1.88,,,Over 2.5: 100% | BTTS: 100% | Over 1.5 HT: 84%
Sep 13 2026 - 11:30am,Russia,Russian Premier League,Akhmat Grozny,Makhachkala,100,100,100,75,100,2.09,3.22,3.07,2.35,1.93,Over 2.5: 100% | BTTS: 100%
Sep 13 2026 - 12:00pm,Germany,Frauen Bundesliga,Stuttgart W,Wolfsburg Women,100,100,100,75,100,,,,1.4,,Over 2.5: 100% | BTTS: 100%
Sep 13 2026 - 1:30pm,Czech Republic,4. Liga Division D,Ždírec nad Doubravou,Sokol Bedřichov,100,100,100,75,100,,,,,,Over 2.5: 100% | BTTS: 100%
Sep 13 2026 - 6:45pm,France,Ligue 1,Brest,PSG,100,100,100,75,100,9.0,6.5,1.25,1.41,1.75,Over 2.5: 100% | BTTS: 100%
Sep 13 2026 - 12:00pm,Germany,Regionalliga Nordost,Greifswalder FC,Lokomotive Leipzig,100,100,100,67,100,5.74,5.32,1.34,,,Over 2.5: 100% | BTTS: 100%
Sep 13 2026 - 12:00pm,Switzerland,Super League,Zürich,Vaduz,100,100,100,54,100,2.35,3.8,2.6,1.38,1.35,Over 2.5: 100% | BTTS: 100%
Sep 13 2026 - 8:30am,Greece,Super League K19,Panathinaikos U19,Panaitolikos U19,100,100,100,50,100,1.06,9.2,22.0,1.2,,Over 2.5: 100% | BTTS: 100%
Sep 13 2026 - 9:30am,Spain,Tercera Group 2,Sporting Gijón II,Llanes,100,100,100,50,100,,,,,,Over 2.5: 100% | BTTS: 100%
Sep 13 2026 - 9:30am,Spain,Tercera Group 7,Parla Escuela,Trival Valderas Alcorcón,100,100,100,50,100,3.85,3.3,1.83,2.05,,Over 2.5: 100% | BTTS: 100%
Sep 13 2026 - 10:00am,Spain,Segunda Federación Femenina,Pozuelo Alarcón W,Almería W,100,100,100,50,100,,,,,,Over 2.5: 100% | BTTS: 100%
Sep 13 2026 - 10:00am,Spain,Tercera Group 17,Real Zaragoza II,La Almunia,100,100,100,50,100,,,,,,Over 2.5: 100% | BTTS: 100%
Sep 13 2026 - 10:00am,Spain,Tercera Group 14,Cabeza del Buey,Jerez,100,100,100,50,100,,,,,,Over 2.5: 100% | BTTS: 100%
Sep 13 2026 - 10:00am,Spain,División De Honor Juvenil Group 1,Gimnástica U19,Roces U19,100,100,100,50,100,2.02,3.3,3.1,1.8,,Over 2.5: 100% | BTTS: 100%
Sep 13 2026 - 10:00am,Spain,División De Honor Juvenil Group 4,Atlético Zabal U19,Tomares U19,100,100,100,50,100,2.2,3.3,3.03,1.7,,Over 2.5: 100% | BTTS: 100%
Sep 13 2026 - 10:00am,Spain,Tercera Group 1,Pontevedra II,Gran Pena,100,100,100,50,100,2.02,3.38,3.1,,,Over 2.5: 100% | BTTS: 100%
Sep 13 2026 - 10:15am,Netherlands,Eredivisie Women,Twente W,Feyenoord W,100,100,100,50,100,,,,,,Over 2.5: 100% | BTTS: 100%
Sep 13 2026 - 10:30am,Spain,Tercera Group 5,CE L'Hospitalet,Atlètic Lleida,100,100,100,50,100,2.6,2.87,2.6,,,Over 2.5: 100% | BTTS: 100%
Sep 13 2026 - 10:30am,Spain,Tercera Group 14,Azuaga,Montijo,100,100,100,50,100,,,,,,Over 2.5: 100% | BTTS: 100%
Sep 13 2026 - 11:00am,Thailand,League Cup,Khonkaen,Roi Et,100,100,100,50,100,,,,,,Over 2.5: 100% | BTTS: 100%
Sep 13 2026 - 11:30am,Germany,3. Liga,Stuttgart II,Preußen Münster,100,100,100,50,100,2.2,3.35,2.7,1.57,1.5,Over 2.5: 100% | BTTS: 100%
Sep 13 2026 - 12:00pm,Germany,2. Frauen Bundesliga,Carl Zeiss Jena W,Hoffenheim II Women,100,100,100,50,100,,,,,,Over 2.5: 100% | BTTS: 100%
Sep 13 2026 - 12:00pm,Germany,Oberliga Nordost Nord,Tennis Borussia,Anker Wismar,100,100,100,50,100,2.6,4.04,2.09,,,Over 2.5: 100% | BTTS: 100%
Sep 13 2026 - 12:00pm,Germany,Oberliga Nordost Nord,Neustrelitz,Reinickendorfer Fuchse,100,100,100,50,100,,,,,,Over 2.5: 100% | BTTS: 100%
Sep 13 2026 - 12:00pm,Romania,Liga 1 Women,Rapid W,Csikszereda MC W,100,100,100,50,100,,,,,,Over 2.5: 100% | BTTS: 100%
Sep 13 2026 - 12:30pm,Turkey,3. Lig Group 3,Karaköprü Belediyespor,Osmaniyespor,100,100,100,50,100,,,,,,Over 2.5: 100% | BTTS: 100%
Sep 13 2026 - 1:00pm,France,Ligue 1,Lille,Troyes,100,100,100,50,100,1.44,4.75,7.17,1.66,1.85,Over 2.5: 100% | BTTS: 100%
Sep 13 2026 - 1:30pm,Turkey,3. Lig Group 1,Zonguldak Kömürspor,Karabük İdman Yurdu,100,100,100,50,100,,,,,,Over 2.5: 100% | BTTS: 100%
Sep 13 2026 - 2:00pm,Italy,Serie D Group E,Sasso Marconi,San Donato Tavarnelle,100,100,100,50,100,,,,2.35,,Over 2.5: 100% | BTTS: 100%
Sep 13 2026 - 2:00pm,England,FA Trophy,Hallam,Runcorn Linnets,100,100,100,50,100,,,,,,Over 2.5: 100% | BTTS: 100%
Sep 13 2026 - 3:00pm,Spain,Tercera Group 16,Berceo,River Ebro,100,100,100,50,100,1.73,3.5,4.3,1.85,1.77,Over 2.5: 100% | BTTS: 100%
Sep 13 2026 - 3:00pm,Spain,Tercera Group 17,Binéfar,CDJ Tamarite,100,100,100,50,100,,,,,,Over 2.5: 100% | BTTS: 100%
Sep 13 2026 - 3:15pm,France,Ligue 1,Le Mans,Lens,100,100,100,50,100,4.6,4.1,1.53,1.67,1.62,Over 2.5: 100% | BTTS: 100%
Sep 13 2026 - 3:30pm,England,Premier League,Manchester United,Manchester City,100,100,100,50,100,3.1,3.75,2.15,1.53,1.44,Over 2.5: 100% | BTTS: 100%
Sep 13 2026 - 4:00pm,Spain,Tercera Group 6,Ontinyent 1931,Atlético Saguntino,100,100,100,50,100,3.25,2.7,2.12,2.75,,Over 2.5: 100% | BTTS: 100%
Sep 13 2026 - 5:00pm,Spain,Tercera Group 13,Unión Molinense,SJ Mar Menor,100,100,100,50,100,,,,,,Over 2.5: 100% | BTTS: 100%
Sep 13 2026 - 6:00pm,Spain,División De Honor Juvenil Group 3,Damm U19,Badalona U19,100,100,100,50,100,,,,,,Over 2.5: 100% | BTTS: 100%
Sep 13 2026 - 8:00am,Romania,Liga 1 Women,Farul Constanţa W,Universitatea Craiova W,100,100,100,25,100,,,,,,Over 2.5: 100% | BTTS: 100%
Sep 13 2026 - 10:15am,Netherlands,Eredivisie,Excelsior,Utrecht,100,100,100,25,100,2.21,3.7,3.02,1.63,1.5,Over 2.5: 100% | BTTS: 100%
Sep 13 2026 - 1:00pm,Austria,2 Frauenliga,Traiskirchen,LUV Graz,100,100,100,25,100,,,,,,Over 2.5: 100% | BTTS: 100%
Sep 13 2026 - 2:00pm,Belgium,First Division B,RFC Liege,Club Brugge II,100,100,100,25,100,,,,1.67,1.53,Over 2.5: 100% | BTTS: 100%
Sep 13 2026 - 6:00pm,Netherlands,Eredivisie,PSV,Sparta Rotterdam,100,100,100,25,100,1.16,8.4,11.0,1.18,1.53,Over 2.5: 100% | BTTS: 100%
Sep 13 2026 - 9:00am,Italy,Campionato Primavera 1,Atalanta U20,Torino U20,100,100,100,0,100,,,,,,Over 2.5: 100% | BTTS: 100%
Sep 13 2026 - 9:15am,Germany,State Leagues Berlin,Stern,Staaken,100,100,100,0,100,,,,,,Over 2.5: 100% | BTTS: 100%
Sep 13 2026 - 9:30am,Spain,Tercera Group 16,Casalarreina,La Calzada,100,100,100,0,100,,,,,,Over 2.5: 100% | BTTS: 100%
Sep 13 2026 - 9:45am,Spain,Tercera Group 5,Grama,Martinenc,100,100,100,0,100,1.7,3.2,4.5,2.1,,Over 2.5: 100% | BTTS: 100%
Sep 13 2026 - 10:00am,Spain,División De Honor Juvenil Group 6,UD Longuera Toscal U19,CD San José U19 II,100,100,100,0,100,,,,,,Over 2.5: 100% | BTTS: 100%
Sep 13 2026 - 10:30am,Spain,Segunda Federación Femenina,Real Avilés,Victoria CF W,100,100,100,0,100,,,,,,Over 2.5: 100% | BTTS: 100%
Sep 13 2026 - 10:30am,Spain,División De Honor Juvenil Group 3,Valle de Aranguren U19,Real Zaragoza U19,100,100,100,0,100,,,,,,Over 2.5: 100% | BTTS: 100%
Sep 13 2026 - 11:00am,Denmark,1st Division Women,Team Viborg,Sundby W,100,100,100,0,100,,,,,,Over 2.5: 100% | BTTS: 100%
Sep 13 2026 - 11:00am,Czech Republic,2 Liga Women,Sparta Praha II W,Hradec Králové W,100,100,100,0,100,,,,,,Over 2.5: 100% | BTTS: 100%
Sep 13 2026 - 12:00pm,Germany,Oberliga Nordost Nord,Lok Stendal,Lichtenberg,100,100,100,0,100,2.19,3.92,2.43,,,Over 2.5: 100% | BTTS: 100%
Sep 13 2026 - 12:00pm,England,Professional Development League,Queens Park Rangers U21,Fleetwood Town U21,100,100,100,0,100,,,,1.25,1.28,Over 2.5: 100% | BTTS: 100%
Sep 13 2026 - 12:15pm,Malaysia,Super League,Selangor,Kuala Lumpur,100,100,100,0,100,,,,1.4,1.54,Over 2.5: 100% | BTTS: 100%
Sep 13 2026 - 1:00pm,Scotland,Womens Championship,Stirling University W,Inverness CT W,100,100,100,0,100,,,,,,Over 2.5: 100% | BTTS: 100%
Sep 13 2026 - 1:00pm,Italy,Serie D Group B,Piacenza,Virtus Verona,100,100,100,0,100,1.91,3.2,3.6,2.06,1.83,Over 2.5: 100% | BTTS: 100%
Sep 13 2026 - 1:00pm,Germany,State Leagues Mittelrhein 2,SV Eilendorf,Eintracht Verlautenheide,100,100,100,0,100,,,,,,Over 2.5: 100% | BTTS: 100%
Sep 13 2026 - 1:15pm,Germany,State Leagues Mittelrhein 2,Fliesteden,SF Düren,100,100,100,0,100,,,,,,Over 2.5: 100% | BTTS: 100%
Sep 13 2026 - 2:00pm,Luxembourg,1 Division,Daring Echternach,Olympia Christnach,100,100,100,0,100,,,,,,Over 2.5: 100% | BTTS: 100%
Sep 13 2026 - 2:00pm,Bulgaria,Womens League,Lokomotiv Stara Zagora,OFK Sofia 1992 W,100,100,100,0,100,,,,,,Over 2.5: 100% | BTTS: 100%
Sep 13 2026 - 3:00pm,Tunisia,Ligue 1,Jeunesse Sportive Omrane,Métlaoui,100,100,100,0,100,2.2,2.65,3.55,2.75,2.25,Over 2.5: 100% | BTTS: 100%
Sep 13 2026 - 3:30pm,Spain,Tercera Group 16,CD Calahorra,SD Oyonesa,100,100,100,0,100,,,,,,Over 2.5: 100% | BTTS: 100%
Sep 13 2026 - 4:00pm,Africa,CAF Confederations Cup,Korhogo,AS PSI,100,100,100,0,100,,,,,,Over 2.5: 100% | BTTS: 100%
Sep 13 2026 - 4:00pm,Spain,División De Honor Juvenil Group 4,Alhendín U19,Arenas de Armilla U19,100,100,100,0,100,,,,,,Over 2.5: 100% | BTTS: 100%
Sep 13 2026 - 5:00pm,Spain,Tercera Group 14,Jaraíz,Moralo,100,100,100,0,100,,,,,,Over 2.5: 100% | BTTS: 100%
Sep 13 2026 - 6:00pm,Brazil,Gaucho 3,Cruz Alta,Clube 1992,100,100,100,0,100,,,,,,Over 2.5: 100% | BTTS: 100%
Sep 13 2026 - 6:45pm,French Guiana,Regional 1,Le Geldar,Cosma,100,100,100,0,100,,,,,,Over 2.5: 100% | BTTS: 100%
Sep 13 2026 - 7:00pm,Argentina,Torneo Regional Federal Amateur Centro,25 de Mayo Termas RH,Talleres Nueva Esperanza,100,100,100,0,100,,,,,,Over 2.5: 100% | BTTS: 100%
Sep 13 2026 - 10:00pm,Mexico,Liga Premier Serie A,Guerreros de Autlán,La Tribu de Cd. Juárez,100,100,100,0,100,,,,,,Over 2.5: 100% | BTTS: 100%
Sep 13 2026 - 10:00am,Croatia,Prva HNL Juniori,Dinamo Zagreb U19,Lokomotiva Zagreb U19,100,100,84,67,100,1.36,4.6,5.54,1.5,,Over 2.5: 100% | BTTS: 84%
Sep 13 2026 - 3:00pm,Czech Republic,4. Liga Division C,Svitavy,Čechie Vykáň,100,100,84,59,100,3.52,4.2,1.76,1.22,,Over 2.5: 100% | BTTS: 84%
Sep 13 2026 - 1:00pm,France,Championnat National U19,Cavigal U19,Olympique Marseille U19,100,100,84,34,100,,,,,,Over 2.5: 100% | BTTS: 84%
Sep 13 2026 - 11:00am,Scotland,Womens Championship,Ayr United W,Elgin City W,100,100,84,0,100,,,,,,Over 2.5: 100% | BTTS: 84%
Sep 13 2026 - 12:00pm,Germany,State Leagues Bremen,Komet Arsten,Findorff,100,100,84,0,100,,,,,,Over 2.5: 100% | BTTS: 84%
Sep 13 2026 - 1:00pm,Poland,4 Liga Warminsko Mazurska,Mamry Giżycko,Pisa Barczewo,100,100,83,59,100,,,,,,Over 2.5: 100% | BTTS: 83%
Sep 13 2026 - 9:00am,Croatia,First League Women,Osijek,Split W,100,100,75,75,100,,,,,,Over 2.5: 100%
Sep 13 2026 - 11:30am,Germany,2. Bundesliga,Karlsruher SC,Energie Cottbus,100,100,75,75,100,,,,1.32,1.38,Over 2.5: 100%
Sep 13 2026 - 5:00pm,Turkey,Süper Lig,Amed,İstanbul Başakşehir,100,100,75,75,100,2.48,3.45,2.71,1.79,1.62,Over 2.5: 100%
Sep 13 2026 - 12:00pm,Germany,U19 Bundesliga,SGV Freiberg U19,Ingolstadt U19,100,100,75,50,100,2.51,4.36,2.07,,,Over 2.5: 100%
Sep 13 2026 - 7:30pm,Portugal,Liga 3,Paredes,Fafe,100,100,75,50,100,2.14,2.88,3.5,2.17,1.82,Over 2.5: 100%
Sep 13 2026 - 12:00pm,Germany,2. Frauen Bundesliga,Borussia M'gladbach Women,Bochum Women,100,100,75,34,100,,,,,,Over 2.5: 100%
Sep 13 2026 - 9:00am,Austria,2 Frauenliga,Rot Weiß Rankweil W,Austria Klagenfurt W,100,100,75,25,100,,,,,,Over 2.5: 100%
Sep 13 2026 - 11:00am,Turkey,U19 Elit A,Gençlerbirliği U19,Kasımpaşa U19,100,100,75,25,100,2.06,3.65,2.95,,,Over 2.5: 100%
Sep 13 2026 - 12:00pm,Switzerland,Nationalliga B Women,Winterthur W,Küssnacht am Rigi,100,100,75,25,100,,,,,,Over 2.5: 100%
Sep 13 2026 - 1:30pm,Germany,Oberliga Mittelrhein,Fortuna Köln II,Frechen,100,100,75,25,100,2.6,4.04,2.09,,,Over 2.5: 100%
Sep 13 2026 - 2:45pm,Netherlands,Eerste Divisie,Volendam,Den Bosch,100,100,75,25,100,1.69,4.0,4.02,1.3,1.37,Over 2.5: 100%
Sep 13 2026 - 3:15pm,Italy,Serie B,Avellino,Palermo,100,100,75,25,100,3.4,3.15,2.05,1.94,1.85,Over 2.5: 100%
Sep 13 2026 - 1:00pm,Germany,State Leagues Mittelrhein 2,Kurdistan Düren,Germania Teveren,100,100,75,0,100,,,,,,Over 2.5: 100%
Sep 13 2026 - 1:45pm,Germany,State Leagues Mittelrhein 1,Pesch,Deutz,100,100,75,0,100,,,,,,Over 2.5: 100%
Sep 13 2026 - 2:00pm,Czech Republic,2 Liga Women,Jihlava W,ABC Bránik W,100,100,75,0,100,,,,,,Over 2.5: 100%
Sep 13 2026 - 12:00pm,Germany,2. Frauen Bundesliga,Andernach W,Eintracht Frankfurt II W,100,100,67,59,100,,,,,,Over 2.5: 100%
Sep 13 2026 - 1:00pm,England,Womens National League Division North,Halifax W,Blackburn Rovers Ladies,100,100,67,17,100,,,,,,Over 2.5: 100%
Sep 13 2026 - 10:30am,Poland,II Liga Women,Praga Warszawa,Polonia Środa Wlkp. II,100,100,67,0,100,,,,,,Over 2.5: 100%
Sep 13 2026 - 5:00pm,Poland,II Liga Women,KKP Warszawa W,Legia Warszawa W,100,100,67,0,100,,,,,,Over 2.5: 100%
Sep 13 2026 - 3:00pm,Scotland,SWPL Cup,Motherwell W,Hamilton Academical,100,100,63,50,100,1.03,11.5,24.0,,,Over 2.5: 100%
Sep 13 2026 - 1:00pm,Germany,State Leagues Lüneburg,Blau Weiß Bornreihe,Eintracht Celle,100,100,60,0,100,,,,,,Over 2.5: 100%
Sep 13 2026 - 10:00pm,Grenada,GFA Premier League,Hard Rock,Queens Park Rangers,100,100,60,0,100,,,,,,Over 2.5: 100%
Sep 13 2026 - 9:00am,Slovenia,1 Womens Liga,Aluminij W,Primorje,100,100,50,100,100,,,,,,Over 2.5: 100% | Over 1.5 HT: 100%
Sep 13 2026 - 9:30am,Greece,Super League K19,Asteras Tripolis U19,AEK Athens U19,100,100,50,100,100,6.0,3.95,1.47,1.9,,Over 2.5: 100% | Over 1.5 HT: 100%
Sep 13 2026 - 10:00am,Spain,Tercera Group 6,Jove Español,Hércules II,100,100,50,100,100,2.1,2.8,3.6,,,Over 2.5: 100% | Over 1.5 HT: 100%
Sep 13 2026 - 11:00am,Scotland,Scottish League Cup,Rangers,Celtic,100,100,50,100,100,2.5,3.4,2.35,1.67,1.5,Over 2.5: 100% | Over 1.5 HT: 100%
Sep 13 2026 - 1:00pm,Italy,Serie D Group I,Avola,Trapani 1905,100,100,50,100,100,,,,,,Over 2.5: 100% | Over 1.5 HT: 100%
Sep 13 2026 - 1:00pm,Italy,Serie D Group I,Modica,Reggina,100,100,50,100,100,5.2,3.5,1.61,2.1,,Over 2.5: 100% | Over 1.5 HT: 100%
Sep 13 2026 - 1:00pm,Turkey,2 Lig Beyaz,68 Aksaray Belediyespor,Kastamonuspor 1966,100,100,50,100,100,1.5,3.8,5.25,,,Over 2.5: 100% | Over 1.5 HT: 100%
Sep 13 2026 - 2:00pm,Spain,División De Honor Juvenil Group 5,Getafe U19,Toledo U19,100,100,50,100,100,,,,,,Over 2.5: 100% | Over 1.5 HT: 100%
Sep 13 2026 - 2:15pm,Spain,La Liga,Levante UD,FC Barcelona,100,100,50,100,100,14.0,9.4,1.15,1.25,1.91,Over 2.5: 100% | Over 1.5 HT: 100%
Sep 13 2026 - 3:00pm,Spain,Segunda División RFEF Group 1,Club Marino de Luanco,Ourense CF,100,100,50,100,100,,,,2.37,,Over 2.5: 100% | Over 1.5 HT: 100%
Sep 13 2026 - 3:00pm,Spain,Segunda División RFEF Group 2,Náxara CD,UE Olot,100,100,50,100,100,3.0,2.9,2.3,2.37,,Over 2.5: 100% | Over 1.5 HT: 100%
Sep 13 2026 - 3:00pm,Spain,División De Honor Juvenil Group 2,Logroñés U19,Betoño U19,100,100,50,100,100,1.86,3.45,3.21,1.66,,Over 2.5: 100% | Over 1.5 HT: 100%
Sep 13 2026 - 4:00pm,Turkey,2 Lig Kirmizi,Yeni Orduspor,Hekimoğlu Trabzon,100,100,50,100,100,,,,,,Over 2.5: 100% | Over 1.5 HT: 100%
Sep 13 2026 - 4:00pm,Spain,Tercera Group 2,Caudal Deportivo,Ceares,100,100,50,100,100,1.36,4.05,6.25,2.0,,Over 2.5: 100% | Over 1.5 HT: 100%
Sep 13 2026 - 4:00pm,Spain,Tercera Group 10,Cádiz II,Dos Hermanas 1971,100,100,50,100,100,3.0,3.1,2.26,,,Over 2.5: 100% | Over 1.5 HT: 100%
Sep 13 2026 - 11:00am,Germany,U19 Bundesliga,Bochum U19,Saarbrucken U19,100,100,50,75,100,1.0,10.0,17.0,,,Over 2.5: 100%
Sep 13 2026 - 2:00pm,Belgium,Pro League,KRC Genk,KAA Gent,100,100,50,75,100,2.0,3.25,3.85,1.8,,Over 2.5: 100%
Sep 13 2026 - 9:00am,Spain,Segunda Federación Femenina,Celta de Vigo W,Osasuna II W,100,100,50,50,100,,,,,,Over 2.5: 100%
Sep 13 2026 - 10:00am,Spain,Segunda Federación Femenina,Zaragoza W,Badalona W II,100,100,50,50,100,,,,,,Over 2.5: 100%
Sep 13 2026 - 10:00am,Spain,División De Honor Juvenil Group 1,Deportivo La Coruña U19,Bansander U19,100,100,50,50,100,,,,1.36,,Over 2.5: 100%
Sep 13 2026 - 10:00am,Spain,División De Honor Juvenil Group 5,Talavera U19,Real Madrid U19,100,100,50,50,100,15.0,6.1,1.1,1.4,,Over 2.5: 100%
Sep 13 2026 - 10:00am,Spain,División De Honor Juvenil Group 5,Rayo Majadahonda U19 II,Trival Valderas U19,100,100,50,50,100,2.1,3.43,3.06,1.65,,Over 2.5: 100%
Sep 13 2026 - 10:00am,Spain,Tercera Group 2,Colunga,Astur,100,100,50,50,100,1.73,3.3,4.6,,,Over 2.5: 100%
Sep 13 2026 - 10:15am,Spain,División De Honor Juvenil Group 4,Calavera U19,Sporting Atlético U19,100,100,50,50,100,,,,,,Over 2.5: 100%
Sep 13 2026 - 12:30pm,Switzerland,Nationalliga A Women,Yverdon W,Aarau W,100,100,50,50,100,,,,,,Over 2.5: 100%
Sep 13 2026 - 1:00pm,Italy,Serie D Group I,Milazzo,Ragusa,100,100,50,50,100,,,,2.29,1.93,Over 2.5: 100%
Sep 13 2026 - 1:30pm,Germany,Oberliga Mittelrhein,Borussia Lindenthal,Chlodwig Zülpich,100,100,50,50,100,2.49,3.94,2.13,,,Over 2.5: 100%
Sep 13 2026 - 2:55pm,UAE,Division One,Dibba Al Hisn,Palm City 365,100,100,50,50,100,2.11,3.75,2.95,1.4,1.39,Over 2.5: 100%
Sep 13 2026 - 3:00pm,Spain,Tercera Group 2,Langreo,Covadonga,100,100,50,50,100,2.15,2.75,3.1,2.37,,Over 2.5: 100%
Sep 13 2026 - 4:00pm,Cyprus,First Division,AEK Larnaca,Paphos,100,100,50,50,100,2.3,3.2,2.75,1.91,1.73,Over 2.5: 100%
Sep 13 2026 - 5:00pm,Cyprus,First Division,Olympiakos,Omonia 29is Maiou,100,100,50,50,100,2.1,3.15,3.16,2.08,1.83,Over 2.5: 100%
Sep 13 2026 - 6:00pm,Italy,Serie D Group I,Licata,Nissa,100,100,50,50,100,,,,2.15,2.01,Over 2.5: 100%
Sep 13 2026 - 8:30am,Czech Republic,4. Liga Division D,Znojmo,Žďár nad Sázavou,100,100,50,25,100,1.38,4.7,6.2,1.43,1.55,Over 2.5: 100%
Sep 13 2026 - 9:00am,Germany,U19 Bundesliga,1860 München U19,Bayern München U19,100,100,50,25,100,,,,,,Over 2.5: 100%
Sep 13 2026 - 1:00pm,Hungary,Hungarian Cup,Villány,Csepel TC,100,100,50,25,100,,,,1.4,,Over 2.5: 100%
Sep 13 2026 - 9:00am,Germany,Oberliga Hamburg,Sasel,Niendorfer TSV,100,100,50,17,100,,,,,,Over 2.5: 100%
Sep 13 2026 - 9:30am,Spain,Segunda Federación Femenina,Sporting Gijón W,Rayo Vallecano W,100,100,50,0,100,,,,,,Over 2.5: 100%
Sep 13 2026 - 10:00am,Romania,Liga 2 Feminin,Independenţa Baia Mare W,AFC ASA Târgu Mureș W,100,100,50,0,100,,,,,,Over 2.5: 100%
Sep 13 2026 - 11:00am,Romania,Liga 2 Feminin,Argeș W,Vulpitele Galbene W,100,100,50,0,100,,,,,,Over 2.5: 100%
Sep 13 2026 - 1:00pm,Germany,Regionalliga Women West,Warbeyen,Vorwärts Köln,100,100,50,0,100,,,,,,Over 2.5: 100%
Sep 13 2026 - 1:00pm,Italy,Serie D Group C,Conegliano,Bassano Virtus,100,100,50,0,100,,,,2.08,1.83,Over 2.5: 100%
Sep 13 2026 - 1:00pm,Germany,State Leagues Mittelrhein 1,Bad Honnef,Spich,100,100,50,0,100,,,,,,Over 2.5: 100%
Sep 13 2026 - 1:00pm,Turkey,3. Lig Group 2,Kestelspor,Balıkesirspor,100,100,50,0,100,,,,,,Over 2.5: 100%
Sep 13 2026 - 1:00pm,England,Womens National League Division North,Bradford City W,Thornaby W,100,100,50,0,100,,,,,,Over 2.5: 100%
Sep 13 2026 - 1:00pm,Lebanon,Cup,Al Akhaa Al Ahli,Shabab Al Sahel,100,100,50,0,100,,,,,,Over 2.5: 100%
Sep 13 2026 - 1:15pm,Germany,State Leagues Mittelrhein 1,Wiehl,Mondorf,100,100,50,0,100,,,,,,Over 2.5: 100%
Sep 13 2026 - 1:30pm,Germany,Regionalliga Women West,MSV Duisburg W,Borussia Dortmund W,100,100,50,0,100,,,,,,Over 2.5: 100%
Sep 13 2026 - 1:30pm,Slovakia,4 Liga East,Gerlachov,Spišské Podhradie,100,100,50,0,100,,,,,,Over 2.5: 100%
Sep 13 2026 - 2:30pm,FYR Macedonia,Womens League,Vardar W,Dragon 2014 W,100,100,50,0,100,,,,,,Over 2.5: 100%
Sep 13 2026 - 3:00pm,Italy,Serie D Group I,AC Palermo,Enna,100,100,50,0,100,,,,1.62,1.77,Over 2.5: 100%
Sep 13 2026 - 3:00pm,Italy,Serie D Group I,Gela,CastrumFavara,100,100,50,0,100,,,,,,Over 2.5: 100%
Sep 13 2026 - 3:00pm,Spain,División De Honor Juvenil Group 3,Montecarlo U19,Barcelona U19,100,100,50,0,100,,,,,,Over 2.5: 100%
Sep 13 2026 - 4:00pm,Spain,Tercera Group 6,Villarreal III,Roda,100,100,50,0,100,1.65,3.48,5.29,2.15,,Over 2.5: 100%
Sep 13 2026 - 4:00pm,Spain,Tercera Group 17,Huesca II,Caspe,100,100,50,0,100,,,,,,Over 2.5: 100%
Sep 13 2026 - 4:00pm,Spain,Segunda División RFEF Group 5,Gimnástica Segoviana CF,UB Conquense,100,100,50,0,100,2.3,2.85,3.2,2.44,2.05,Over 2.5: 100%
Sep 13 2026 - 4:00pm,Spain,Segunda División RFEF Group 5,Guadalajara,RSD Alcalá,100,100,50,0,100,2.0,3.2,3.4,2.06,1.84,Over 2.5: 100%
Sep 13 2026 - 5:00pm,Spain,Tercera Group 17,Atletico Monzon,Robres,100,100,50,0,100,1.6,3.4,4.7,2.05,,Over 2.5: 100%
Sep 13 2026 - 5:00pm,Spain,Tercera Group 14,Puebla Calzada,Castuera,100,100,50,0,100,,,,,,Over 2.5: 100%
Sep 13 2026 - 6:00pm,Brazil,Gaucho 3,Rio Grande,São Paulo RS,100,100,50,0,100,,,,,,Over 2.5: 100%
Sep 13 2026 - 10:30pm,Guyana,GFF Elite League,Guyana Defence Force,Den Amstel,100,100,50,0,100,,,,,,Over 2.5: 100%
Sep 13 2026 - 10:00pm,Belize,Belize Premier League,Wagiya,Benque,100,100,35,0,100,,,,,,Over 2.5: 100%
Sep 13 2026 - 1:00pm,England,Womens National League Division North,Leeds W,Stockport County W,100,100,34,0,100,,,,,,Over 2.5: 100%
Sep 13 2026 - 1:00pm,England,Womens National League Division North,Chester-le-Street Town FC W,Chorley W,100,100,33,0,100,,,,,,Over 2.5: 100%
Sep 13 2026 - 6:00pm,Greece,Super League,PAOK,Aris,100,100,25,75,100,1.49,4.25,6.0,1.71,1.83,Over 2.5: 100%
Sep 13 2026 - 1:30pm,Slovakia,4 Liga East,Záhradné,Rožňava,100,100,25,0,100,,,,,,Over 2.5: 100%
Sep 13 2026 - 2:30pm,FYR Macedonia,Womens League,Tiverija W,Kochani,100,100,25,0,100,,,,,,Over 2.5: 100%
Sep 13 2026 - 6:00pm,Brazil,Copa Paulista Women,Centro Olímpico W,São José Women,100,100,25,0,100,,,,,,Over 2.5: 100%
Sep 13 2026 - 8:00am,Hong Kong,Hong Kong Premier League,Shatin,Kowloon City,100,100,17,34,100,2.62,3.5,2.15,1.44,1.36,Over 2.5: 100%
Sep 13 2026 - 9:00am,Slovenia,1 Womens Liga,ŽNK Mura,ŽNK Gazon W,100,100,0,100,100,,,,,,Over 2.5: 100% | Over 1.5 HT: 100%
Sep 13 2026 - 3:30pm,Slovenia,1 Womens Liga,ŽNK Ljubljana,Olimpija Ljubljana,100,100,0,100,100,,,,,,Over 2.5: 100% | Over 1.5 HT: 100%
Sep 13 2026 - 10:15am,Spain,División De Honor Juvenil Group 1,Ural U19,Celta de Vigo U19,100,100,0,50,100,,,,,,Over 2.5: 100%
Sep 13 2026 - 8:00am,Romania,Liga 2 Feminin,ACS Juniorul W,Concordia Chiajna W,100,100,0,0,100,,,,,,Over 2.5: 100%
Sep 13 2026 - 8:00am,Romania,Liga 2 Feminin,Petrolul 52 W,Oţelul Galaţi W,100,100,0,0,100,,,,,,Over 2.5: 100%
Sep 13 2026 - 1:30pm,Africa,CAF Confederations Cup,Bazar Brothers,Virunga,100,100,0,0,100,,,,,,Over 2.5: 100%
Sep 13 2026 - 3:30pm,Africa,CAF Confederations Cup,ASKO de Kara,AS ZAM,100,100,0,0,100,,,,,,Over 2.5: 100%
Sep 13 2026 - 4:00pm,Africa,CAF Confederations Cup,UDIB,El Kanemi Warriors,100,100,0,0,100,,,,,,Over 2.5: 100%
Sep 13 2026 - 6:00pm,Brazil,Gaucho 3,Novo Horizonte RS,Panambi,100,100,0,0,100,,,,,,Over 2.5: 100%
Sep 13 2026 - 5:00pm,El Salvador,Reserve League,FAS U20,Alianza U20,100,94,82,7,100,2.55,3.15,2.55,,,Over 2.5: 94% | BTTS: 82%
Sep 13 2026 - 1:00pm,Poland,4 Liga Małopolska,Watra Białka Tatrzańska,Lubań Maniowy,100,92,85,68,100,,,,,,Over 2.5: 92% | BTTS: 85%
Sep 13 2026 - 1:30pm,Germany,State Leagues Westfalen 2,Iserlohn,Concordia Wiemelhausen,100,90,70,0,100,,,,,,Over 2.5: 90%
Sep 13 2026 - 1:00pm,Poland,4 Liga Podlaska,Śniadowo,Łomża II,100,90,50,10,100,,,,,,Over 2.5: 90%
Sep 13 2026 - 1:00pm,Latvia,Women League,Metta W,SFK Rīga W,100,89,24,89,100,,,,,,Over 2.5: 89% | Over 1.5 HT: 89%
Sep 13 2026 - 1:30pm,Germany,State Leagues Niederrhein 1,Rheinland Hamborn,Speldorf,100,88,88,0,100,,,,,,Over 2.5: 88% | BTTS: 88%
Sep 13 2026 - 1:30pm,Germany,State Leagues Niederrhein 2,Unterrath,Union Frintrop,100,88,75,0,100,,,,,,Over 2.5: 88%
Sep 13 2026 - 1:30pm,Germany,State Leagues Niederrhein 2,Werden-Heidhausen,DV Solingen,100,88,63,0,100,,,,,,Over 2.5: 88%
Sep 13 2026 - 1:30pm,Germany,State Leagues Niederrhein 2,Neuss-Gnadental,SC Velbert,100,88,50,0,100,,,,,,Over 2.5: 88%
Sep 13 2026 - 1:30pm,Slovakia,4 Liga East,Kechnec,Geča,100,88,38,0,100,,,,,,Over 2.5: 88%
Sep 13 2026 - 1:30pm,Slovakia,4 Liga East,Dvorníky-Včeláre,Spartak Medzilaborce,100,88,38,0,100,,,,,,Over 2.5: 88%
Sep 13 2026 - 12:00pm,Finland,Kolmonen Itä,MP II,MiPK,100,86,70,56,100,,,,,,Over 2.5: 86%
Sep 13 2026 - 2:00pm,Portugal,Campeonato de Portugal Group C,UD da Serra,Mortágua,100,84,100,67,100,,,,,,Over 2.5: 84% | BTTS: 100%
Sep 13 2026 - 5:00pm,Turkey,1. Lig,Fatih Karagümrük,Manisa BBSK,100,84,100,67,100,1.87,3.5,3.4,1.67,1.68,Over 2.5: 84% | BTTS: 100%
Sep 13 2026 - 1:15pm,Scotland,Womens Championship,Bonnyrigg Rose W,East Fife W,100,84,100,0,100,,,,,,Over 2.5: 84% | BTTS: 100%
Sep 13 2026 - 2:00pm,Luxembourg,1 Division,Kehlen,Moutfort / Medingen,100,84,100,0,100,,,,,,Over 2.5: 84% | BTTS: 100%
Sep 13 2026 - 12:00pm,Germany,Oberliga Schleswig Holstein,VfR Neumünster,Nordmark Satrup,100,84,84,59,100,,,,,,Over 2.5: 84% | BTTS: 84%
Sep 13 2026 - 2:30pm,Serbia,Srpska Liga Vojvodina,Hajduk Divoš,Veternik,100,84,84,50,100,,,,,,Over 2.5: 84% | BTTS: 84%
Sep 13 2026 - 1:00pm,Germany,Oberliga Baden Wurttemberg,Young Boys Reutlingen,FC Teningen,100,84,84,33,100,,,,,,Over 2.5: 84% | BTTS: 84%
Sep 13 2026 - 1:00pm,Switzerland,2. Liga Interregional Group 2,Besa Biel/Bienne,Champagne,100,84,84,17,100,,,,,,Over 2.5: 84% | BTTS: 84%
Sep 13 2026 - 2:00pm,England,Womens National League Division One South East,Actonians,Stevenage W,100,84,84,17,100,,,,,,Over 2.5: 84% | BTTS: 84%
Sep 13 2026 - 1:00pm,England,Womens National League Division Midlands,Lye Town W,Worcester City,100,84,84,0,100,,,,,,Over 2.5: 84% | BTTS: 84%
Sep 13 2026 - 2:00pm,Poland,4 Liga Kujawsko Pomorska,Skrwa Skrwilno,Wisła Dobrzyń nad Wisłą,100,84,83,0,100,,,,,,Over 2.5: 84% | BTTS: 83%
Sep 13 2026 - 2:00pm,Austria,Landesliga Kärnten,Launsdorf,TSU Matrei,100,84,74,19,100,1.75,4.1,3.5,1.44,,Over 2.5: 84%
Sep 13 2026 - 1:00pm,Germany,State Leagues Lüneburg,Etelsen,MTV Römstedt,100,84,74,0,100,,,,,,Over 2.5: 84%
Sep 13 2026 - 11:00am,Denmark,3. Division,ASA Aarhus,Næsby,100,84,67,67,100,3.35,3.6,1.85,1.43,1.44,Over 2.5: 84%
Sep 13 2026 - 12:00pm,Germany,Regionalliga West,Koln II,Bergisch Gladbach,100,84,67,67,100,,,,,,Over 2.5: 84%
Sep 13 2026 - 12:00pm,Germany,Oberliga Hamburg,Buchholz,Altona 93,100,84,67,50,100,,,,,,Over 2.5: 84%
Sep 13 2026 - 1:00pm,France,Championnat National U19,Bastia U19,Béziers U19,100,84,67,34,100,,,,,,Over 2.5: 84%
Sep 13 2026 - 1:00pm,France,Championnat National U19,Amiens U19,Lille U19,100,84,67,34,100,1.95,3.5,3.1,1.66,,Over 2.5: 84%
Sep 13 2026 - 3:00pm,Portugal,Campeonato de Portugal Group D,Sintrense,Santa Clara II,100,84,67,17,100,1.76,3.3,4.55,2.3,,Over 2.5: 84%
Sep 13 2026 - 1:00pm,England,Womens National League Premier Division South,Cheltenham Town LFC,Exeter City W,100,84,67,0,100,,,,,,Over 2.5: 84%
Sep 13 2026 - 2:00pm,Poland,II Liga Women,Słupczanka Słupca W,UKS Loczki,100,84,67,0,100,,,,,,Over 2.5: 84%
Sep 13 2026 - 3:00pm,Croatia,Prva HNL,Istra 1961,Rudeš,100,84,50,67,100,1.44,4.35,5.5,1.57,1.83,Over 2.5: 84%
Sep 13 2026 - 12:30pm,Austria,Landesliga Salzburg,Siezenheim,SV Schwarzach,100,84,50,0,100,,,,,,Over 2.5: 84%
Sep 13 2026 - 1:30pm,Germany,State Leagues Bremen,Habenhauser FV,TuSpo Surheide,100,84,50,0,100,,,,,,Over 2.5: 84%
Sep 13 2026 - 2:00pm,Luxembourg,1 Division,Folschette,Jeunesse Gilsdorf,100,84,50,0,100,,,,,,Over 2.5: 84%
Sep 13 2026 - 2:00pm,Luxembourg,1 Division,Sanem,Union Mertert,100,84,50,0,100,,,,,,Over 2.5: 84%
Sep 13 2026 - 2:30pm,Germany,State Leagues Sudwest,FK Pirmasens II,Idar-Oberstein,100,84,50,0,100,,,,,,Over 2.5: 84%
Sep 13 2026 - 2:00pm,Luxembourg,National Division,Swift Hesperange,Résidence Walferdange,100,84,42,42,100,,,,1.35,1.61,Over 2.5: 84%
Sep 13 2026 - 12:00pm,Norway,First Division Women,Klepp,Viking FK W,100,82,75,75,100,,,,1.27,2.2,Over 2.5: 82%
Sep 13 2026 - 8:15am,Czech Republic,4. Liga Division F,Opava II,Vratimov,100,80,80,50,100,2.37,3.9,2.38,1.5,,Over 1.5 FT: 100%
Sep 13 2026 - 12:00pm,Germany,Oberliga Niedersachsen,Eintracht Braunschw. II,Germania Egestorf,100,80,80,40,100,3.14,4.24,1.8,,,Over 1.5 FT: 100%
Sep 13 2026 - 1:00pm,Germany,State Leagues Lüneburg,Lindwedel-Hope,Ahlerstedt / Ottendorf,100,80,80,0,100,,,,,,Over 1.5 FT: 100%
Sep 13 2026 - 1:00pm,Germany,State Leagues Rheinland,FV Morbach,Vordereifel Laubach,100,80,80,0,100,,,,,,Over 1.5 FT: 100%
Sep 13 2026 - 1:00pm,Germany,State Leagues Westfalen 1,Rheda,Ostinghausen,100,80,80,0,100,,,,,,Over 1.5 FT: 100%
Sep 13 2026 - 1:00pm,Germany,State Leagues Westfalen 1,Ahaus,Lüner SV,100,80,70,0,100,,,,,,Over 1.5 FT: 100%
Sep 13 2026 - 1:15pm,Germany,State Leagues Westfalen 2,Schüren,Erndtebrück,100,80,70,0,100,,,,,,Over 1.5 FT: 100%
Sep 13 2026 - 1:00pm,Norway,3. Division Group 2,Rosenborg II,Nardo,100,80,69,46,100,,,,,,Over 1.5 FT: 100%
Sep 13 2026 - 1:00pm,Germany,Oberliga Westfalen,Horsthausen,Sprockhövel,100,80,60,0,100,3.88,4.3,1.61,,,Over 1.5 FT: 100%
Sep 13 2026 - 1:00pm,Germany,State Leagues Rheinland,Untermosel Kobern,FC Bitburg,100,80,60,0,100,,,,,,Over 1.5 FT: 100%
Sep 13 2026 - 12:00pm,Sweden,Allsvenskan,Hammarby,Brommapojkarna,100,80,55,45,100,1.2,6.8,10.0,1.35,1.75,Over 1.5 FT: 100%
Sep 13 2026 - 8:00pm,Peru,Liga 3,Juventud Cautivo,Juventud Santo Domingo,100,79,59,0,100,,,,,,Over 1.5 FT: 100%
Sep 13 2026 - 9:00pm,USA,MLS Next Pro,New York City II,Connecticut United,100,77,77,54,100,,,,1.25,1.26,Over 1.5 FT: 100%
Sep 13 2026 - 11:00am,England,Professional Development League,Sheffield Wednesday U21,Charlton Athletic U21,100,75,100,75,100,2.15,4.4,2.6,1.28,1.31,BTTS: 100% | Over 1.5 FT: 100%
Sep 13 2026 - 2:30pm,Switzerland,Nationalliga A Women,Zürich W,Basel W,100,75,100,25,100,,,,,,BTTS: 100% | Over 1.5 FT: 100%
Sep 13 2026 - 3:15pm,Italy,Serie B,Mantova,Sampdoria,100,75,100,25,100,2.1,3.15,3.49,2.2,1.83,BTTS: 100% | Over 1.5 FT: 100%
Sep 13 2026 - 1:15pm,Germany,State Leagues Mittelrhein 2,Union Schafhausen,Rasensport Brand,100,75,100,0,100,,,,,,BTTS: 100% | Over 1.5 FT: 100%
Sep 13 2026 - 2:00pm,Luxembourg,Division of Honour,Berdenia Berbourg,Marisca Mersch,100,75,100,0,100,,,,,,BTTS: 100% | Over 1.5 FT: 100%
Sep 13 2026 - 2:00pm,Luxembourg,Division of Honour,Feulen,UT Pétange,100,75,100,0,100,,,,,,BTTS: 100% | Over 1.5 FT: 100%
Sep 13 2026 - 1:00pm,Germany,Oberliga Hessen,03 Kassel,Hünfelder SV,100,75,88,38,100,3.1,4.14,1.83,,,BTTS: 88% | Over 1.5 FT: 100%
Sep 13 2026 - 1:15pm,Germany,State Leagues Niederrhein 1,Biemenhorst,Duisburger,100,75,88,0,100,,,,,,BTTS: 88% | Over 1.5 FT: 100%
Sep 13 2026 - 10:00am,Portugal,U19 League,Sporting CP U19,Alverca U19,100,75,75,75,100,1.34,4.9,7.8,1.58,1.92,Over 1.5 FT: 100%
Sep 13 2026 - 1:00pm,Germany,Oberliga Niederrhein,SF Baumberg,Viktoria Jüchen-Garz.,100,75,75,75,100,,,,,,Over 1.5 FT: 100%
Sep 13 2026 - 9:00am,Germany,U19 Bundesliga,Hallescher FC U19,Carl Zeiss Jena U19,100,75,75,50,100,1.33,5.3,5.9,,,Over 1.5 FT: 100%
Sep 13 2026 - 9:00am,Germany,U19 Bundesliga,Mainz 05 U19,FSV Frankfurt U19,100,75,75,50,100,,,,,,Over 1.5 FT: 100%
Sep 13 2026 - 11:30am,Germany,2. Bundesliga,Heidenheim,Holstein Kiel,100,75,75,50,100,2.1,3.75,2.8,1.5,1.41,Over 1.5 FT: 100%
Sep 13 2026 - 1:30pm,Germany,Oberliga Hessen,Rot-Weiß Walldorf,KSV Hessen Kassel II,100,75,75,38,100,2.48,4.0,2.13,,,Over 1.5 FT: 100%
Sep 13 2026 - 1:30pm,Czech Republic,4. Liga Division D,Sokol Tasovice,Bystrc Kninicky,100,75,75,25,100,1.92,3.8,3.24,1.57,,Over 1.5 FT: 100%
Sep 13 2026 - 1:30pm,Germany,Oberliga Mittelrhein,Siegburger SV,Neunkirchen-Seelscheid,100,75,75,25,100,1.83,4.19,3.07,,,Over 1.5 FT: 100%
Sep 13 2026 - 5:00pm,Turkey,Süper Lig,Galatasaray,Kocaelispor,100,75,75,25,100,1.36,5.25,8.55,1.5,1.8,Over 1.5 FT: 100%
Sep 13 2026 - 12:30pm,Poland,4 Liga Podlaska,Pomorzanka Sejny,Ruch Wysokie Mazowieckie,100,75,75,10,100,,,,,,Over 1.5 FT: 100%
Sep 13 2026 - 1:00pm,Germany,State Leagues Mittelrhein 1,SC Rheinbach,Bonn-Endenich,100,75,75,0,100,,,,,,Over 1.5 FT: 100%
Sep 13 2026 - 1:00pm,Germany,State Leagues Mittelrhein 2,Germania Eicherscheid,Teutonia Weiden,100,75,75,0,100,,,,,,Over 1.5 FT: 100%
Sep 13 2026 - 1:30pm,Germany,State Leagues Mittelrhein 1,Grün-Weiß Brauweiler,Marialinden,100,75,75,0,100,,,,,,Over 1.5 FT: 100%
Sep 13 2026 - 2:30pm,FYR Macedonia,Womens League,Istatov,Kamenica Sasa W,100,75,75,0,100,,,,,,Over 1.5 FT: 100%
Sep 13 2026 - 12:00pm,Estonia,Esiliiga Women,Ajax Tallinna,Lootos W,100,75,73,0,100,,,,,,Over 1.5 FT: 100%
Sep 13 2026 - 4:00pm,Malta,Maltese Premier League,Valletta,Balzan,100,75,63,50,100,1.83,3.35,4.2,2.08,1.92,Over 1.5 FT: 100%
Sep 13 2026 - 1:00pm,Austria,Regionalliga West,Kitzbühel,Hohenems,100,75,59,42,100,,,,,,Over 1.5 FT: 100%
Sep 13 2026 - 3:00pm,Austria,Landesliga Tirol,Ebbs,Münster,100,75,59,25,100,,,,,,Over 1.5 FT: 100%
Sep 13 2026 - 1:00pm,Italy,Serie A,Lecce,Monza,100,75,50,75,100,2.59,3.05,2.72,2.3,1.87,Over 1.5 FT: 100%
Sep 13 2026 - 1:45pm,Germany,Oberliga Mittelrhein,VfL Vichttal,SSV Merten,100,75,50,50,100,2.13,4.0,2.48,,,Over 1.5 FT: 100%
Sep 13 2026 - 9:00am,Croatia,3. HNL Center,HAŠK,Trešnjevka,100,75,50,25,100,,,,,,Over 1.5 FT: 100%
Sep 13 2026 - 12:00pm,Germany,2. Frauen Bundesliga,SC Sand,Viktoria Berlin Women,100,75,50,25,100,,,,,,Over 1.5 FT: 100%
Sep 13 2026 - 5:00pm,Serbia,U19 League,Mladost Lučani U19,Voždovac U19,100,75,50,25,100,1.95,3.74,3.11,,,Over 1.5 FT: 100%
Sep 13 2026 - 6:30pm,Spain,Primera Division RFEF Group 2,Atlético Madrid II,Real Murcia,100,75,50,25,100,2.4,3.0,2.78,2.04,1.78,Over 1.5 FT: 100%
Sep 13 2026 - 10:00am,Turkey,U19 Elit A,Galatasaray U19,Kocaelispor U19,100,75,50,0,100,1.4,4.7,5.8,1.36,1.52,Over 1.5 FT: 100%
Sep 13 2026 - 1:00pm,Belgium,Second Amateur Division : VFV A,Jong Lede,Mechelen II,100,75,50,0,100,,,,,,Over 1.5 FT: 100%
Sep 13 2026 - 1:15pm,Germany,State Leagues Mittelrhein 1,Schönenbach,Blau-Weiß Friesdorf,100,75,50,0,100,,,,,,Over 1.5 FT: 100%
Sep 13 2026 - 12:00pm,Scotland,SWPL Cup,Boroughmuir Thistle,Montrose W,100,75,38,38,100,3.7,5.6,1.56,,,Over 1.5 FT: 100%
Sep 13 2026 - 12:30pm,Austria,Landesliga Salzburg,Anif,Eugendorf,100,75,34,0,100,,,,,,Over 1.5 FT: 100%
Sep 13 2026 - 12:30pm,Czech Republic,1. Liga Women,Slovácko W,Prague Raptors W,100,75,25,50,100,,,,,,Over 1.5 FT: 100%
Sep 13 2026 - 1:00pm,Turkey,U19 Elit A,Amed U19,İstanbul Başakşehir U19,100,75,25,50,100,3.6,3.75,1.8,,,Over 1.5 FT: 100%
Sep 13 2026 - 11:00am,Serbia,SuperLiga Women,Napredak W,Milutinac W,100,75,0,0,100,,,,,,Over 1.5 FT: 100%
Sep 13 2026 - 1:00pm,Hungary,Hungarian Cup,Lébény,Erzsébeti Spartacus MTK LE,100,75,0,0,100,,,,1.53,,Over 1.5 FT: 100%
Sep 13 2026 - 9:30pm,El Salvador,Reserve League,Águila U20,INCA-Aruba U20,100,73,78,0,100,,,,,,Over 1.5 FT: 100%
Sep 13 2026 - 8:00pm,Peru,Liga 3,Nacional FCB,FCR San Antonio,100,71,17,0,100,,,,,,Over 1.5 FT: 100%
Sep 13 2026 - 1:00pm,Germany,State Leagues Lüneburg,Scharmbeck,Rotenburger SV,100,70,70,0,100,,,,,,Over 1.5 FT: 100%
Sep 13 2026 - 1:30pm,Germany,State Leagues Westfalen 2,Finnentrop / Bamenohl,Türkspor Dortmund,100,70,70,0,100,,,,,,Over 1.5 FT: 100%
Sep 13 2026 - 11:00am,Belarus,First League,Niva,Bumprom,100,69,69,50,100,,,,,,Over 1.5 FT: 100%
Sep 13 2026 - 9:00am,Austria,Landesliga Salzburg,Bürmoos,Union Henndorf,100,67,67,0,100,,,,1.4,,Over 1.5 FT: 100%
Sep 13 2026 - 1:00pm,England,Womens National League Division One South East,Dulwich Hamlet,Billericay Town W,100,67,67,0,100,,,,,,Over 1.5 FT: 100%
Sep 13 2026 - 12:00pm,Denmark,3. Division,Hørsholm-Usserød,Holbæk B&I,100,67,50,67,100,,,,1.4,1.4,Over 1.5 FT: 100%
Sep 13 2026 - 9:00am,France,Championnat National U19,Brest U19,SA Mérignac U19,100,67,50,33,100,,,,,,Over 1.5 FT: 100%
Sep 13 2026 - 2:00pm,England,Womens National League Premier Division South,Hashtag United W,Oxford United Ladies,100,67,50,0,100,,,,,,Over 1.5 FT: 100%
Sep 13 2026 - 3:00pm,Austria,Landesliga Salzburg,Seekirchen II,Golling,100,67,50,0,100,,,,,,Over 1.5 FT: 100%
Sep 13 2026 - 6:00pm,Croatia,Prva HNL,Hajduk Split,Slaven Koprivnica,100,67,17,50,100,1.3,5.0,7.0,1.4,1.73,Over 1.5 FT: 100%
Sep 13 2026 - 1:45pm,FYR Macedonia,First Football League,Sileks,Bregalnica Štip,100,67,17,17,100,1.32,4.6,7.8,1.67,2.1,Over 1.5 FT: 100%
Sep 13 2026 - 8:15am,Czech Republic,3. Liga CFL,Jablonec U21,Mladá Boleslav U21,100,67,0,50,100,2.05,3.6,2.75,1.44,1.4,Over 1.5 FT: 100%
Sep 13 2026 - 1:00pm,Germany,Oberliga Westfalen,Vreden,Eintracht Rheine,100,60,60,20,100,2.13,3.94,2.49,,,Over 1.5 FT: 100%
Sep 13 2026 - 9:30am,Germany,State Leagues Berlin,Hohen Neuendorf,Rudow,100,59,100,0,100,,,,,,BTTS: 100% | Over 1.5 FT: 100%
Sep 13 2026 - 12:00pm,Denmark,2nd Division,Skive,Middelfart,100,59,84,67,100,2.5,3.4,2.27,1.82,1.65,BTTS: 84% | Over 1.5 FT: 100%
Sep 13 2026 - 12:00pm,Germany,Regionalliga West,Borussia Dortmund II,Rödinghausen,100,59,84,59,100,,,,,,BTTS: 84% | Over 1.5 FT: 100%
Sep 13 2026 - 3:00pm,Slovakia,Super Liga,Podbrezová,Komárno,100,59,84,46,100,1.91,3.55,3.15,1.55,1.51,BTTS: 84% | Over 1.5 FT: 100%
Sep 13 2026 - 2:00pm,Portugal,Campeonato de Portugal Group D,Portel,Aljustrelense,100,59,75,42,100,2.19,3.05,3.05,2.15,,Over 1.5 FT: 100%
Sep 13 2026 - 3:00pm,Croatia,Prva HNL Juniori,Osijek U19,Kustošija U19,100,59,75,34,100,2.08,3.45,2.75,,,Over 1.5 FT: 100%
Sep 13 2026 - 10:00am,Ukraine,Persha Liga,Probiy Horodenka,Yarud Mariupol,100,59,59,0,100,3.0,3.4,2.22,,,Over 1.5 FT: 100%
Sep 13 2026 - 11:00am,Republic of Ireland,Leinster Senior League,Killester Donnycarney FC,St. Francis,100,59,59,0,100,,,,,,Over 1.5 FT: 100%
Sep 13 2026 - 3:00pm,Czech Republic,4. Liga Division C,Kolín,Spartak Police n/Metují,100,59,59,0,100,,,,,,Over 1.5 FT: 100%
Sep 13 2026 - 4:00pm,Czech Republic,First League,Teplice,Slavia Praha,100,59,42,29,100,6.06,3.5,1.54,1.75,1.73,Over 1.5 FT: 100%
Sep 13 2026 - 3:00pm,Czech Republic,4. Liga Division C,Turnov,Kosmonosy,100,59,17,0,100,,,,,,Over 1.5 FT: 100%
Sep 13 2026 - 2:00pm,Bulgaria,Third League Southeast,Lokomotiv Plovdiv II,Botev Plovdiv II,100,55,43,10,100,,,,,,Over 1.5 FT: 100%
Sep 13 2026 - 2:00pm,Panama,Liga Prom,Universidad de Panamá,La Familia FC,100,54,75,29,100,1.22,6.7,8.2,,,Over 1.5 FT: 100%
Sep 13 2026 - 9:30am,Spain,Tercera Group 13,Los Garres,Santomera,100,50,100,100,100,3.3,3.46,1.96,,,BTTS: 100% | Over 1.5 HT: 100% | Over 1.5 FT: 100%
Sep 13 2026 - 9:00am,Germany,U19 Bundesliga,Elversberg U19,Borussia M'gladbach U19,100,50,100,50,100,4.22,4.91,1.49,,,BTTS: 100% | Over 1.5 FT: 100%
Sep 13 2026 - 9:00am,Spain,Segunda División RFEF Group 3,UCAM Murcia CF,Valencia II,100,50,100,50,100,1.87,3.3,3.39,1.85,,BTTS: 100% | Over 1.5 FT: 100%
Sep 13 2026 - 10:30am,Spain,División De Honor Juvenil Group 1,Val Miñor U19,Marina U19,100,50,100,50,100,1.7,3.45,4.47,1.9,,BTTS: 100% | Over 1.5 FT: 100%
Sep 13 2026 - 11:00am,Thailand,League Cup,Nakhon Si Thammarat,Narathiwat,100,50,100,50,100,,,,,,BTTS: 100% | Over 1.5 FT: 100%
Sep 13 2026 - 12:00pm,Germany,Oberliga Nordost Nord,BAK '07,Mecklenburg Schwerin,100,50,100,50,100,1.83,4.19,3.07,,,BTTS: 100% | Over 1.5 FT: 100%
Sep 13 2026 - 1:00pm,San Marino,Campionato Sammarinese,SS Cosmos,Pennarossa,100,50,100,50,100,1.79,3.45,3.95,2.0,1.82,BTTS: 100% | Over 1.5 FT: 100%
Sep 13 2026 - 1:00pm,Greece,Super League 2,Niki Volos,Olympiakos Piraeus II,100,50,100,50,100,1.48,3.5,6.5,2.3,2.15,BTTS: 100% | Over 1.5 FT: 100%
Sep 13 2026 - 2:30pm,Greece,Super League 2,Ellas Syros,Anagennisi Karditsas,100,50,100,50,100,2.05,2.9,3.4,2.33,2.01,BTTS: 100% | Over 1.5 FT: 100%
Sep 13 2026 - 3:00pm,Spain,Tercera Group 16,Haro,Calasancio,100,50,100,50,100,,,,,,BTTS: 100% | Over 1.5 FT: 100%
Sep 13 2026 - 3:00pm,Nigeria,NPFL,Enugu Rangers,Nasarawa United,100,50,100,50,100,,,,,,BTTS: 100% | Over 1.5 FT: 100%
Sep 13 2026 - 3:00pm,Nigeria,NPFL,Kwara United,Katsina United,100,50,100,50,100,,,,,,BTTS: 100% | Over 1.5 FT: 100%
Sep 13 2026 - 5:00pm,Spain,Segunda División RFEF Group 3,Orihuela CF,CF Lorca Deportiva,100,50,100,50,100,2.12,2.97,3.29,2.15,,BTTS: 100% | Over 1.5 FT: 100%
Sep 13 2026 - 5:00pm,Spain,Tercera Group 9,Marbellí,Ciudad de Torredonjimeno,100,50,100,50,100,2.04,2.8,3.45,2.35,,BTTS: 100% | Over 1.5 FT: 100%
Sep 13 2026 - 10:00am,Spain,Primera Division RFEF Group 1,Arenas de Getxo,Zamora CF,100,50,100,25,100,2.6,2.85,2.55,2.23,1.85,BTTS: 100% | Over 1.5 FT: 100%
Sep 13 2026 - 10:00am,Spain,Tercera Group 18,San Clemente,Noblejas,100,50,100,0,100,2.2,3.1,3.1,,,BTTS: 100% | Over 1.5 FT: 100%
Sep 13 2026 - 10:00am,Spain,Tercera Group 16,Comillas,Cenicero,100,50,100,0,100,2.14,3.15,3.15,,,BTTS: 100% | Over 1.5 FT: 100%
Sep 13 2026 - 10:00am,Spain,Segunda División RFEF Group 2,Utebo,SD Logroñés,100,50,100,0,100,2.3,2.85,3.05,2.35,,BTTS: 100% | Over 1.5 FT: 100%
Sep 13 2026 - 1:00pm,Italy,Serie D Group A,AS Biellese 1902,Ligorna,100,50,100,0,100,3.2,3.05,2.2,2.17,1.85,BTTS: 100% | Over 1.5 FT: 100%
Sep 13 2026 - 1:00pm,Italy,Serie D Group C,Lavarian Mortean Esperia,Altavilla,100,50,100,0,100,,,,,,BTTS: 100% | Over 1.5 FT: 100%
Sep 13 2026 - 1:00pm,Italy,Serie D Group D,Sant'Angelo,Varesina,100,50,100,0,100,,,,2.12,1.83,BTTS: 100% | Over 1.5 FT: 100%
Sep 13 2026 - 1:00pm,Turkey,2 Lig Kirmizi,Serik Belediyespor,İnegölspor,100,50,100,0,100,,,,1.67,1.61,BTTS: 100% | Over 1.5 FT: 100%
Sep 13 2026 - 2:00pm,Luxembourg,Division of Honour,Rodange,Bettembourg,100,50,100,0,100,,,,,,BTTS: 100% | Over 1.5 FT: 100%
Sep 13 2026 - 3:30pm,Spain,Tercera Group 16,Anguiano,Agoncillo,100,50,100,0,100,,,,,,BTTS: 100% | Over 1.5 FT: 100%
Sep 13 2026 - 4:00pm,Spain,Tercera Group 13,Cotillas,Águilas II,100,50,100,0,100,,,,,,BTTS: 100% | Over 1.5 FT: 100%
Sep 13 2026 - 4:30pm,Albania,Superliga,AF Elbasani,Egnatia Rrogozhinë,100,50,100,0,100,2.75,3.2,2.36,2.05,1.75,BTTS: 100% | Over 1.5 FT: 100%
Sep 13 2026 - 6:00pm,Brazil,Gaucho 3,Farroupilha,Futebol Com Vida,100,50,100,0,100,,,,,,BTTS: 100% | Over 1.5 FT: 100%
Sep 13 2026 - 10:00pm,Mexico,Liga TDP,Grupo Sherwood,Luma Sports,100,50,100,0,100,,,,,,BTTS: 100% | Over 1.5 FT: 100%
Sep 13 2026 - 11:00am,Denmark,2nd Division,Næstved,Thisted,100,50,75,75,100,1.57,3.85,4.5,1.7,1.7,Over 1.5 FT: 100%
Sep 13 2026 - 3:30pm,Saudi Arabia,First Division,Hajer,Al Jabalain,100,50,75,50,100,3.75,3.2,1.85,2.1,1.87,Over 1.5 FT: 100%
Sep 13 2026 - 1:00pm,Germany,State Leagues Niederrhein 1,VfL Rhede,Süchteln,100,50,75,0,100,,,,,,Over 1.5 FT: 100%
Sep 13 2026 - 2:30pm,FYR Macedonia,Womens League,Rečica W,Ljuboten,100,50,75,0,100,,,,,,Over 1.5 FT: 100%
Sep 13 2026 - 1:00pm,France,Championnat National U19,Reims U19,Troyes U19,100,50,67,0,100,3.0,3.7,1.95,1.57,,Over 1.5 FT: 100%
Sep 13 2026 - 9:15am,Spain,Tercera Group 4,Santurtzi,Durango,100,50,50,100,100,2.33,2.75,3.1,2.35,,Over 1.5 HT: 100% | Over 1.5 FT: 100%
Sep 13 2026 - 10:30am,Spain,Segunda Federación Femenina,Elche W,Europa W,100,50,50,100,100,,,,,,Over 1.5 HT: 100% | Over 1.5 FT: 100%
Sep 13 2026 - 3:00pm,Greece,Super League,Kalamata,Volos NFC,100,50,50,100,100,2.45,3.2,2.95,2.21,1.93,Over 1.5 HT: 100% | Over 1.5 FT: 100%
Sep 13 2026 - 5:00pm,Spain,Segunda División RFEF Group 4,Mijas Las Lagunas,Ciudad de Lucena,100,50,50,100,100,,,,,,Over 1.5 HT: 100% | Over 1.5 FT: 100%
Sep 13 2026 - 5:30am,Hong Kong,HKFA First Division League,Metro Gallery Sun Source,Lucky Mile,100,50,50,50,100,1.04,8.9,40.0,,,Over 1.5 FT: 100%
Sep 13 2026 - 9:00am,Croatia,First League Women,Hajduk Split,Gorica W,100,50,50,50,100,,,,,,Over 1.5 FT: 100%
Sep 13 2026 - 10:00am,Spain,Primera Division Women,Deportivo Alavés W,Granada W,100,50,50,50,100,,,,1.94,1.73,Over 1.5 FT: 100%
Sep 13 2026 - 10:00am,Spain,Tercera Group 7,Las Rozas,Leganés II,100,50,50,50,100,2.58,3.05,2.6,2.15,,Over 1.5 FT: 100%
Sep 13 2026 - 12:00pm,Germany,Oberliga Nordost Nord,Hertha Zehlendorf,Siedenbollentin,100,50,50,50,100,1.8,4.24,3.14,,,Over 1.5 FT: 100%
Sep 13 2026 - 1:00pm,Italy,Campionato Primavera 1,Internazionale U20,Cagliari U20,100,50,50,50,100,,,,,,Over 1.5 FT: 100%
Sep 13 2026 - 1:00pm,Italy,Serie D Group A,US Alessandria,Sestri Levante,100,50,50,50,100,2.05,3.1,3.4,2.0,1.77,Over 1.5 FT: 100%
Sep 13 2026 - 1:00pm,Italy,Serie D Group C,Este,Obermais,100,50,50,50,100,1.75,3.25,4.2,2.02,1.83,Over 1.5 FT: 100%
Sep 13 2026 - 1:00pm,Italy,Serie D Group H,Melfi,Virtus Francavilla,100,50,50,50,100,,,,,,Over 1.5 FT: 100%
Sep 13 2026 - 2:30pm,Spain,División De Honor Juvenil Group 7,Levante U19,Mallorca U19,100,50,50,50,100,2.05,3.2,3.2,,,Over 1.5 FT: 100%
Sep 13 2026 - 3:00pm,Nigeria,NPFL,Niger Tornadoes,Plateau United,100,50,50,50,100,1.43,3.7,8.25,,,Over 1.5 FT: 100%
Sep 13 2026 - 3:00pm,Spain,Segunda Federación Femenina,Samper,Balears W,100,50,50,50,100,,,,,,Over 1.5 FT: 100%
Sep 13 2026 - 3:30pm,Spain,Tercera Group 4,Sodupe,Eibar III,100,50,50,50,100,,,,,,Over 1.5 FT: 100%
Sep 13 2026 - 4:30pm,Spain,Tercera Group 2,Mosconia,Gijón Industrial,100,50,50,50,100,1.61,3.35,5.5,2.25,,Over 1.5 FT: 100%
Sep 13 2026 - 6:00pm,Greece,Super League,Kifisia,Levadiakos,100,50,50,50,100,2.35,3.0,3.0,2.1,1.8,Over 1.5 FT: 100%
Sep 13 2026 - 1:00pm,France,Championnat National U19,Angers U19,Stade Briochin U19,100,50,50,33,100,1.2,5.5,12.0,1.5,,Over 1.5 FT: 100%
Sep 13 2026 - 1:30pm,Czech Republic,4. Liga Division D,Humpolec,FS Třebíč,100,50,50,25,100,,,,,,Over 1.5 FT: 100%
Sep 13 2026 - 2:00pm,Switzerland,1. Liga Promotion,Bellinzona,Kreuzlingen,100,50,50,25,100,,,,,,Over 1.5 FT: 100%
Sep 13 2026 - 3:00pm,Croatia,First League Women,Dinamo Maksimir W,Donat,100,50,50,25,100,,,,,,Over 1.5 FT: 100%
Sep 13 2026 - 6:30pm,Greece,Super League,Panathinaikos,Panaitolikos,100,50,50,25,100,1.3,5.0,8.75,1.75,2.15,Over 1.5 FT: 100%
Sep 13 2026 - 8:00am,Romania,Liga 2 Feminin,Vâlcea 1924 W,UTA Arad W,100,50,50,0,100,,,,,,Over 1.5 FT: 100%
Sep 13 2026 - 8:00am,Romania,Liga 2 Feminin,Corvinul Hunedoara W,Universitatea Cluj W,100,50,50,0,100,,,,,,Over 1.5 FT: 100%
Sep 13 2026 - 9:30am,Spain,Tercera Group 7,Siello Nuevo Boadilla,SS Reyes II,100,50,50,0,100,2.85,2.95,2.4,2.35,,Over 1.5 FT: 100%
Sep 13 2026 - 10:00am,Spain,Segunda División RFEF Group 1,Llanera,Deportivo Alaves II,100,50,50,0,100,,,,,,Over 1.5 FT: 100%
Sep 13 2026 - 10:00am,Spain,Segunda División RFEF Group 4,Tenerife II,Atlético Central,100,50,50,0,100,,,,2.05,,Over 1.5 FT: 100%
Sep 13 2026 - 1:00pm,Lebanon,Cup,Al-Resala,Al Hikma,100,50,50,0,100,,,,,,Over 1.5 FT: 100%
Sep 13 2026 - 1:15pm,Germany,State Leagues Mittelrhein 1,Blau-Weiß Köln,Schlebusch,100,50,50,0,100,,,,,,Over 1.5 FT: 100%
Sep 13 2026 - 1:30pm,Turkey,3. Lig Group 2,Utaş Uşakspor,Eskişehirspor,100,50,50,0,100,,,,,,Over 1.5 FT: 100%
Sep 13 2026 - 2:00pm,Luxembourg,Division of Honour,URB,Avenir Beggen,100,50,50,0,100,,,,,,Over 1.5 FT: 100%
Sep 13 2026 - 2:00pm,Jordan,Shield Cup,Al Ramtha U21,Al Arabi U21,100,50,50,0,100,,,,,,Over 1.5 FT: 100%
Sep 13 2026 - 2:30pm,Spain,División De Honor Juvenil Group 1,Real Oviedo U19,Compostela U19,100,50,50,0,100,,,,,,Over 1.5 FT: 100%
Sep 13 2026 - 3:00pm,Angola,Girabola,Wiliete SC,FC Luanda,100,50,50,0,100,1.49,3.8,6.38,2.2,,Over 1.5 FT: 100%
Sep 13 2026 - 3:00pm,Lebanon,Cup,Jwaya,Tadamon Sour,100,50,50,0,100,,,,,,Over 1.5 FT: 100%
Sep 13 2026 - 3:30pm,Spain,Segunda División RFEF Group 5,CD Numancia,Atletico Madrid III,100,50,50,0,100,,,,,,Over 1.5 FT: 100%
Sep 13 2026 - 4:15pm,Spain,Tercera Group 3,Revilla,Atlético Mineros,100,50,50,0,100,2.5,3.2,2.5,,,Over 1.5 FT: 100%
Sep 13 2026 - 5:00pm,Spain,División De Honor Juvenil Group 7,Valencia U19,Castellón U19,100,50,50,0,100,,,,,,Over 1.5 FT: 100%
Sep 13 2026 - 7:00pm,Bolivia,Liga Nacional B,Atlético Juniors,10 de Noviembre WC,100,50,50,0,100,,,,,,Over 1.5 FT: 100%
Sep 13 2026 - 9:00pm,Mexico,Liga TDP,Tlapa Mazatecochco,Cafeteros,100,50,50,0,100,,,,,,Over 1.5 FT: 100%
Sep 13 2026 - 12:00pm,Spain,La Liga,Celta de Vigo,Málaga CF,100,50,25,50,100,1.67,3.7,5.0,2.17,1.95,Over 1.5 FT: 100%
Sep 13 2026 - 9:00am,Germany,U19 Bundesliga,Eintracht Frankfurt U19,RB Leipzig U19,100,50,25,25,100,1.75,4.0,3.3,1.22,1.28,Over 1.5 FT: 100%
Sep 13 2026 - 11:00am,Germany,U19 Bundesliga,Paderborn U19,Havelse U19,100,50,25,25,100,1.99,4.23,2.69,,,Over 1.5 FT: 100%
Sep 13 2026 - 1:30pm,Turkey,2 Lig Beyaz,Çorluspor 1947,Hatayspor,100,50,0,100,100,,,,,,Over 1.5 HT: 100% | Over 1.5 FT: 100%
Sep 13 2026 - 10:00am,Spain,Primera Division Women,Real Sociedad W,Tenerife W,100,50,0,50,100,,,,1.74,1.71,Over 1.5 FT: 100%
Sep 13 2026 - 10:00am,Spain,Tercera Group 18,Huracán Balazote,Marchamalo,100,50,0,50,100,2.41,3.05,2.8,,,Over 1.5 FT: 100%
Sep 13 2026 - 10:00am,Spain,División De Honor Juvenil Group 4,Granada U19,Málaga U19,100,50,0,50,100,,,,,,Over 1.5 FT: 100%
Sep 13 2026 - 1:30pm,Germany,Bundesliga,RB Leipzig,Hamburger SV,100,50,0,50,100,1.35,5.5,8.2,1.38,1.57,Over 1.5 FT: 100%
Sep 13 2026 - 6:00pm,Spain,Segunda División RFEF Group 4,Recreativo de Huelva,Puente Genil,100,50,0,50,100,1.55,3.6,5.5,2.35,,Over 1.5 FT: 100%
Sep 13 2026 - 10:00pm,Mexico,Liga Premier Serie A,CDM,Dragones de Oaxaca,100,50,0,50,100,,,,1.85,1.63,Over 1.5 FT: 100%
Sep 13 2026 - 10:00am,Spain,Segunda División RFEF Group 5,Calvo Sotelo,Atlético Paso,100,50,0,0,100,1.93,3.2,3.46,2.2,1.93,Over 1.5 FT: 100%
Sep 13 2026 - 1:00pm,Belgium,1st National Women,OH Leuven II W,Stade Mouscron W,100,50,0,0,100,,,,,,Over 1.5 FT: 100%
Sep 13 2026 - 1:00pm,San Marino,Campionato Sammarinese,San Marino Academy,SC Faetano,100,50,0,0,100,,,,,,Over 1.5 FT: 100%
Sep 13 2026 - 1:00pm,Italy,Serie D Group F,Atletico Ascoli,ACD Maceratese,100,50,0,0,100,1.8,3.2,4.0,2.0,1.87,Over 1.5 FT: 100%
Sep 13 2026 - 11:30pm,St. Kitts and Nevis,St Kitts and Nevis PL,Old Road Jets United,St. Pauls United,100,50,0,0,100,,,,,,Over 1.5 FT: 100%
Sep 13 2026 - 9:00am,Japan,J1 League,Tokyo Verdy,JEF United,100,46,42,29,100,2.18,3.1,3.0,2.31,1.85,Over 1.5 FT: 100%
Sep 13 2026 - 1:00pm,Tanzania,Ligi kuu Bara,Pamba Jiji,Kitayosce,100,42,100,84,100,2.6,2.8,2.8,,,BTTS: 100% | Over 1.5 HT: 84% | Over 1.5 FT: 100%
Sep 13 2026 - 9:00am,Germany,U19 Bundesliga,Fortuna Düsseldorf U19,Borussia Dortmund U19,100,42,84,42,100,3.1,4.52,1.77,,,BTTS: 84% | Over 1.5 FT: 100%
Sep 13 2026 - 5:30pm,Romania,Liga I,Corvinul Hunedoara,CS U Craiova,100,42,75,29,100,3.6,3.44,1.85,2.02,1.81,Over 1.5 FT: 100%
Sep 13 2026 - 2:00pm,Bulgaria,Second League,Vihren Sandanski,Dobrudzha 1919,100,42,67,46,100,1.28,4.8,8.6,1.57,2.16,Over 1.5 FT: 100%
Sep 13 2026 - 1:00pm,Hungary,Hungarian Cup,Emőd,Ózd Sajóvölgye,100,42,50,25,100,,,,1.25,,Over 1.5 FT: 100%
Sep 13 2026 - 2:00pm,Serbia,SuperLiga,Radnički Niš,OFK Beograd,100,38,50,38,100,,,,1.71,1.73,Over 1.5 FT: 100%
Sep 13 2026 - 2:00pm,Albania,Superliga,Laçi,Vllaznia Shkodër,100,25,100,25,100,2.75,3.2,2.39,2.1,1.77,BTTS: 100% | Over 1.5 FT: 100%
Sep 13 2026 - 2:00pm,Portugal,Campeonato de Portugal Group B,Salgueiros,Cinfães,100,25,75,25,100,2.38,3.2,3.2,2.34,1.97,Over 1.5 FT: 100%
Sep 13 2026 - 5:20pm,Saudi Arabia,First Division,Al Ta'ee,Al Zulfi,100,25,50,0,100,2.87,3.3,2.15,1.94,1.71,Over 1.5 FT: 100%
Sep 13 2026 - 6:45pm,Bosnia and Herzegovina,Premier League of Bosnia,Velež,Sarajevo,100,25,50,0,100,3.2,2.85,2.2,2.4,1.95,Over 1.5 FT: 100%
Sep 13 2026 - 12:00pm,Austria,Frauenliga,Kleinmünchen / BW Linz,Sturm Graz W,100,17,59,0,100,,,,,,Over 1.5 FT: 100%
Sep 13 2026 - 4:00pm,Africa,CAF Champions League,ASEC Mimosas,Kara,100,0,100,100,100,1.2,5.1,12.3,,,BTTS: 100% | Over 1.5 HT: 100% | Over 1.5 FT: 100%
Sep 13 2026 - 5:00pm,Africa,CAF Champions League,Nouadhibou,Vipers,100,0,100,100,100,2.21,3.12,2.96,,,BTTS: 100% | Over 1.5 HT: 100% | Over 1.5 FT: 100%
Sep 13 2026 - 11:00am,Spain,Segunda Federación Femenina,Unión Viera W,Argual,100,0,100,0,100,,,,,,BTTS: 100% | Over 1.5 FT: 100%
Sep 13 2026 - 3:00pm,Africa,CAF Champions League,Rivers United,San-Pédro,100,0,100,0,100,1.75,3.0,5.26,2.6,,BTTS: 100% | Over 1.5 FT: 100%
Sep 13 2026 - 3:30pm,Spain,Segunda División RFEF Group 3,Cieza,Elche II,100,0,100,0,100,2.05,3.1,3.35,2.05,,BTTS: 100% | Over 1.5 FT: 100%
Sep 13 2026 - 9:30am,Spain,Tercera Group 13,CD Algar,Bullas,100,0,50,50,100,2.6,3.18,2.44,,,Over 1.5 FT: 100%
Sep 13 2026 - 1:00pm,Italy,Serie D Group C,Triestina,Calvi Noale,100,0,50,50,100,,,,,,Over 1.5 FT: 100%
Sep 13 2026 - 4:00pm,Spain,Tercera Group 4,SD Leioa,Pasaia KE,100,0,50,50,100,1.53,3.4,6.0,2.1,,Over 1.5 FT: 100%
Sep 13 2026 - 5:00pm,Spain,Tercera Group 9,Arenas Armilla,Atlético Mancha Real,100,0,50,50,100,,,,2.35,,Over 1.5 FT: 100%
Sep 13 2026 - 10:00am,Spain,Tercera Group 11,SD Formentera,Porreres,100,0,50,0,100,,,,,,Over 1.5 FT: 100%
Sep 13 2026 - 10:00am,Spain,Segunda Federación Femenina,Olympia Las Rozas,Sporting de Huelva,100,0,50,0,100,,,,,,Over 1.5 FT: 100%
Sep 13 2026 - 5:00pm,Africa,CAF Champions League,Pyramids FC,Gor Mahia,100,0,0,100,100,1.2,5.4,14.0,1.8,,Over 1.5 HT: 100% | Over 1.5 FT: 100%
Sep 13 2026 - 10:00am,Spain,Tercera Group 17,Cuarte,Inter Huesca,100,0,0,50,100,,,,,,Over 1.5 FT: 100%
Sep 13 2026 - 2:30pm,Gibraltar,Premier Division,Glacis United,Lynx,100,0,0,50,100,7.27,5.43,1.27,,,Over 1.5 FT: 100%
Sep 13 2026 - 5:00pm,Spain,Tercera Group 10,Bollullos,Betis III,100,0,0,50,100,,,,,,Over 1.5 FT: 100%
Sep 13 2026 - 5:30pm,Gibraltar,Premier Division,Mons Calpe,Lincoln Red Imps,100,0,0,50,100,,,,,,Over 1.5 FT: 100%
Sep 13 2026 - 11:00am,Africa,CAF Confederations Cup,Inate Rouge,Red Arrows,100,0,0,0,100,,,,,,Over 1.5 FT: 100%
Sep 13 2026 - 1:00pm,Italy,Serie D Group C,Virtus Bolzano,Brian Lignano,100,0,0,0,100,,,,2.06,1.8,Over 1.5 FT: 100%
Sep 13 2026 - 1:00pm,Italy,Serie D Group E,Grassina,Flaminia,100,0,0,0,100,3.6,3.3,1.95,2.05,,Over 1.5 FT: 100%
Sep 13 2026 - 2:30pm,Croatia,First League Women,Međimurje Čakovec,Agram W,100,0,0,0,100,,,,,,Over 1.5 FT: 100%
Sep 13 2026 - 3:00pm,Africa,CAF Confederations Cup,Kabuscorp,UNAM,100,0,0,0,100,8.0,5.65,1.22,,,Over 1.5 FT: 100%
Sep 13 2026 - 4:00pm,Spain,Tercera Group 8,CF Palencia,Cultural Leonesa II,100,0,0,0,100,,,,,,Over 1.5 FT: 100%
Sep 13 2026 - 5:00pm,Spain,Tercera Group 8,Bembibre,Mirandés II,100,0,0,0,100,,,,,,Over 1.5 FT: 100%
Sep 13 2026 - 1:00pm,Finland,A Junior League,HJK U21,PPJ U21,98,88,71,34,98,,,,1.2,,Over 2.5: 88%
Sep 13 2026 - 10:00pm,Uruguay,Campeonato Femenino,San Jacinto Keguay W,Nacional W,97,88,35,6,97,,,,,,Over 2.5: 88%
Sep 13 2026 - 3:30pm,Norway,3. Division Group 5,Bossekop,Skjervøy,97,80,69,60,97,,,,,,Over 1.5 FT: 97%
Sep 13 2026 - 9:30am,Estonia,Esiliiga B,Vaprus II,Tartu Kalev,96,92,75,71,96,1.83,4.2,2.95,1.22,1.2,Over 2.5: 92%
Sep 13 2026 - 1:45pm,Faroe Islands,1. Deild,Suduroy,B71,96,91,77,53,96,,,,,,Over 2.5: 91%
Sep 13 2026 - 11:00pm,USA,MLS Next Pro,New York RB II,FC Cincinnati II,96,85,61,52,96,1.22,6.0,7.8,1.19,1.46,Over 2.5: 85%
Sep 13 2026 - 11:00am,Russia,Second League B Group 3,Volna Nizhegorodskaya,Kvant,96,64,52,53,96,,,,1.35,3.2,Over 1.5 FT: 96%
Sep 13 2026 - 3:00pm,Norway,First Division,Moss,Haugesund,95,81,82,62,95,4.3,4.35,1.53,1.23,1.29,Over 2.5: 81% | BTTS: 82%
Sep 13 2026 - 11:00am,Sweden,Division 2 Vastra Gotaland,Astorps FF,Qviding FIF,95,75,70,58,95,2.14,3.8,2.7,1.3,1.31,Over 1.5 FT: 95%
Sep 13 2026 - 11:00am,Germany,State Leagues Bayern Nordwest,Vatan Spor,FT Schweinfurt,95,75,60,0,95,,,,,,Over 1.5 FT: 95%
Sep 13 2026 - 1:00pm,Germany,State Leagues Bayern Südost,Planegg-Krailling,Grünwald,95,74,79,0,95,,,,,,Over 1.5 FT: 95%
Sep 13 2026 - 9:30pm,Bolivia,LFPB,Universitario de Vinto,Independiente Petrolero,95,72,71,47,95,1.59,3.7,3.85,1.52,1.52,Over 1.5 FT: 95%
Sep 13 2026 - 4:00pm,Norway,3. Division Group 4,Stabæk II,Vindbjart,95,72,58,61,95,,,,,,Over 1.5 FT: 95%
Sep 13 2026 - 3:00pm,Norway,First Division,Strømsgodset,Sandnes Ulf,95,55,50,15,95,1.32,5.5,6.23,1.25,1.4,Over 1.5 FT: 95%
Sep 13 2026 - 12:00pm,Faroe Islands,1. Deild Women,07 Vestur W,ÍF Fuglafjørdur,94,91,72,47,94,,,,,,Over 2.5: 91%
Sep 13 2026 - 6:30pm,Uruguay,Campeonato Femenino,Wanderers W,Juventud de Las Piedras W,94,88,32,3,94,,,,,,Over 2.5: 88%
Sep 13 2026 - 7:15pm,Iceland,1. Deild,Fylkir,HK,94,79,70,48,94,1.77,3.8,3.4,1.37,1.3,Over 1.5 FT: 94%
Sep 13 2026 - 1:00pm,Norway,First Division Women,TIL 2020,Kolbotn,94,75,75,41,94,,,,,,Over 1.5 FT: 94%
Sep 13 2026 - 11:00am,Sweden,Damallsvenskan,Häcken W,Vittsjö,94,63,57,44,94,,,,1.47,1.93,Over 1.5 FT: 94%
Sep 13 2026 - 9:00am,Estonia,Esiliiga Women,Poseidon Pärnu W,Flora II W,93,86,72,0,93,,,,,,Over 2.5: 86%
Sep 13 2026 - 9:00am,Romania,Liga de Tineret,Oţelul Galați U18,Rapid U18,93,86,72,0,93,,,,,,Over 2.5: 86%
Sep 13 2026 - 12:00pm,Sweden,Division 2 Sodra Gotaland,Karlshamn,Torns,93,83,70,45,93,2.4,3.8,2.38,1.45,1.37,Over 2.5: 83%
Sep 13 2026 - 2:00pm,Estonia,Esiliiga Women,Laagri II W,Levadia,93,79,64,0,93,,,,,,Over 1.5 FT: 93%
Sep 13 2026 - 2:00pm,Iceland,Úrvalsdeild,KR,ÍA,93,77,82,50,93,1.5,4.8,4.2,1.11,1.2,BTTS: 82% | Over 1.5 FT: 93%
Sep 13 2026 - 9:00am,Australia,Capital Territory NPL,Canberra,Cooma Tigers,93,77,65,56,93,,,,1.33,1.3,Over 1.5 FT: 93%
Sep 14 2026 - 2:00am,USA,MLS Next Pro,LA Galaxy II,Tacoma Defiance,93,73,66,38,93,,,,1.35,1.33,Over 1.5 FT: 93%
Sep 13 2026 - 2:00pm,Germany,State Leagues Sudwest,Büchelberg,TuS Hohenecken,93,72,64,0,93,,,,,,Over 1.5 FT: 93%
Sep 13 2026 - 9:00am,Romania,Liga de Tineret,FC Bacău U18,FCV Farul U18,93,72,57,0,93,,,,,,Over 1.5 FT: 93%
Sep 13 2026 - 1:00pm,Germany,State Leagues Sudwest,Steinwenden,SG Eintracht Bad Kreuznach,93,70,62,0,93,,,,,,Over 1.5 FT: 93%
Sep 13 2026 - 6:00pm,Mexico,Ascenso MX,Leones Negros de la Universidad de Guadalajara,CA La Paz,93,64,57,72,93,1.93,3.5,3.2,1.57,1.48,Over 1.5 FT: 93%
Sep 13 2026 - 11:00am,Russia,Second League A,Amkar Perm,Tyumen,93,63,38,70,93,,,,,,Over 1.5 FT: 93%
Sep 13 2026 - 12:30pm,Norway,3. Division Group 5,Kongsvinger II,Fløya,92,86,75,67,92,,,,,,Over 2.5: 86%
Sep 13 2026 - 6:00pm,Mexico,Liga MX Femenil,Puebla Women,Querétaro Women,92,84,58,75,92,,,,1.54,1.44,Over 2.5: 84%
Sep 13 2026 - 11:00pm,Mexico,Liga MX Femenil,América Women,Tigres UANL Women,92,84,34,59,92,,,,1.4,1.44,Over 2.5: 84%
Sep 13 2026 - 11:00pm,Mexico,Liga MX Femenil,Atlético San Luis W,Santos Laguna Women,92,83,67,67,92,,,,1.35,1.44,Over 2.5: 83%
Sep 13 2026 - 1:00pm,Germany,State Leagues Weser Ems,Bevern,Wildeshausen,92,83,59,0,92,,,,,,Over 2.5: 83%
Sep 14 2026 - 1:00am,USA,MLS,San Diego,Philadelphia Union,92,80,73,56,92,2.5,3.5,2.3,1.45,1.38,Over 1.5 FT: 92%
Sep 13 2026 - 3:00pm,Norway,3. Division Group 1,Lokomotiv Oslo,Bærum,92,78,70,53,92,7.5,6.1,1.19,,,Over 1.5 FT: 92%
Sep 14 2026 - 12:30am,USA,MLS Next Pro,North Texas,Houston Dynamo FC II,92,77,77,50,92,2.5,3.65,2.3,1.46,1.4,Over 1.5 FT: 92%
Sep 13 2026 - 9:00am,Australia,Queensland NPL Youth League,Rochedale Rovers U23,Moreton City U23,92,77,64,47,92,2.13,3.9,2.65,1.4,,Over 1.5 FT: 92%
Sep 13 2026 - 11:00am,Poland,4 Liga Mazowiecka,Energia Kozienice,KS Łomianki,92,75,75,25,92,1.87,3.88,3.23,1.44,,Over 1.5 FT: 92%
Sep 13 2026 - 8:30am,Austria,Landesliga Tirol,Natters,Absam,92,75,67,17,92,,,,,,Over 1.5 FT: 92%
Sep 13 2026 - 11:00am,Norway,Toppserien,Lyn W,Brann W,92,68,40,52,92,,,,1.37,1.75,Over 1.5 FT: 92%
Sep 13 2026 - 2:00pm,Bulgaria,Third League Southwest,Oborishte,Belasitsa,92,67,84,9,92,,,,,,BTTS: 84% | Over 1.5 FT: 92%
Sep 13 2026 - 1:00pm,Austria,Regionalliga West,Schwaz,Kufstein,92,67,83,25,92,,,,,,BTTS: 83% | Over 1.5 FT: 92%
Sep 13 2026 - 10:00am,Austria,Landesliga Kärnten,Seeboden,Spittal,92,67,75,9,92,1.82,4.0,3.35,1.44,,Over 1.5 FT: 92%
Sep 13 2026 - 2:30pm,Poland,4 Liga Podkarpacka,Ekoball Sanok,Radomyślanka,92,67,59,34,92,,,,,,Over 1.5 FT: 92%
Sep 13 2026 - 2:00pm,Poland,4 Liga Świętokrzyska,KKP Korona,Nowiny,92,67,59,17,92,,,,,,Over 1.5 FT: 92%
Sep 13 2026 - 1:00pm,Germany,State Leagues Weser Ems,Schüttorf,Pewsum,92,67,50,0,92,,,,,,Over 1.5 FT: 92%
Sep 13 2026 - 4:00am,Japan,Tokai Soccer League,Norbritz Hokkaido,Hokkaido University,92,67,46,4,92,,,,,,Over 1.5 FT: 92%
Sep 13 2026 - 1:00pm,Germany,State Leagues Weser Ems,Hollage,Grün Weiß Mühlen,92,67,42,0,92,,,,,,Over 1.5 FT: 92%
Sep 13 2026 - 2:00pm,Poland,4 Liga Świętokrzyska,Hetman Włoszczowa,Alit Ożarów,92,59,67,25,92,,,,,,Over 1.5 FT: 92%
Sep 13 2026 - 7:00pm,Peru,Liga 3,Deportivo Ucrania,UDA,92,54,45,0,92,,,,,,Over 1.5 FT: 92%
Sep 13 2026 - 2:30pm,Faroe Islands,1. Deild Women,B36 W,Suduroy W,91,91,57,28,91,,,,,,Over 2.5: 91%
Sep 13 2026 - 1:15pm,Germany,State Leagues Westfalen 2,Roj,Holzwickeder SC,90,90,90,0,90,,,,,,Over 2.5: 90% | BTTS: 90%
Sep 13 2026 - 1:00pm,Germany,State Leagues Westfalen 1,Theesen,Rot Weiss Ahlen,90,90,80,0,90,,,,,,Over 2.5: 90%
Sep 13 2026 - 1:30pm,Slovakia,4 Liga Center,Brezno,Slávia Staškov,90,90,80,0,90,,,,,,Over 2.5: 90%
Sep 13 2026 - 2:00pm,Slovakia,4 Liga Bratislava,Kalinkovo,Malacky,90,90,60,0,90,,,,,,Over 2.5: 90%
Sep 13 2026 - 1:00pm,Germany,Oberliga Bremen,Vatan Sport,Brinkumer SV,90,90,40,40,90,2.75,4.06,2.0,,,Over 2.5: 90%
Sep 13 2026 - 6:00pm,Brazil,Gaúcho Women,Mina de Candiota W,Estrela Benfica W,90,90,30,40,90,,,,,,Over 2.5: 90%
Sep 13 2026 - 9:30am,Estonia,Esiliiga,Tallinna FC Flora U21,Elva,90,86,56,63,90,1.75,4.0,3.4,1.25,1.29,Over 2.5: 86%
Sep 13 2026 - 1:30pm,Slovakia,4 Liga Center,Tatran Krásno,Višňové,90,80,80,0,90,,,,,,Over 1.5 FT: 90%
Sep 13 2026 - 12:00pm,Switzerland,1. Liga Classic,St. Gallen II,Kosova,90,80,70,20,90,2.33,3.54,2.49,,,Over 1.5 FT: 90%
Sep 13 2026 - 8:30am,Slovakia,4 Liga Bratislava,NMŠK 1922 Bratislava,Petržalka II,90,80,70,0,90,,,,,,Over 1.5 FT: 90%
Sep 13 2026 - 12:30pm,Germany,State Leagues Rheinland,Mosella Schweich,Malberg,90,80,70,0,90,,,,,,Over 1.5 FT: 90%
Sep 13 2026 - 1:00pm,Germany,State Leagues Bayern Südwest,Türkspor Augsburg,Cosmos Aystetten,90,80,70,0,90,,,,,,Over 1.5 FT: 90%
Sep 13 2026 - 1:00pm,Germany,State Leagues Westfalen 2,Hagen 1911,Germania Salchendorf,90,80,70,0,90,,,,,,Over 1.5 FT: 90%
Sep 13 2026 - 1:15pm,Germany,State Leagues Westfalen 2,Obersprockhövel,Vestia Disteln,90,80,70,0,90,,,,,,Over 1.5 FT: 90%
Sep 13 2026 - 1:30pm,Czech Republic,4. Liga Division F,Bospor Bohumín,Kravaře,90,80,60,50,90,1.54,4.6,4.5,,,Over 1.5 FT: 90%
Sep 13 2026 - 1:00pm,Germany,Oberliga Niedersachsen,Heeslinger SC,Spelle-Venhaus,90,80,50,30,90,1.73,4.25,3.38,,,Over 1.5 FT: 90%
Sep 13 2026 - 2:00pm,Moldova,Moldovan National Division,Dacia-Buiucani,CSF Bălți,90,80,40,40,90,1.55,4.1,5.2,1.6,1.95,Over 1.5 FT: 90%
Sep 13 2026 - 1:30pm,Germany,State Leagues Westfalen 2,Wacker Obercastrop,Kamen,90,80,30,0,90,,,,,,Over 1.5 FT: 90%
Sep 13 2026 - 3:00am,Australia,Capital Territory NPL Youth League,Cooma Tigers U23,Belconnen United U23,90,79,53,36,90,,,,,,Over 1.5 FT: 90%
Sep 13 2026 - 1:30pm,Russia,FNL,Torpedo Moskva,Olimpiyets,90,78,78,58,90,2.74,3.01,2.81,2.09,1.82,Over 1.5 FT: 90%
Sep 13 2026 - 3:00pm,Norway,First Division,Ranheim,Åsane,90,76,76,71,90,1.52,4.75,4.5,1.25,1.31,Over 1.5 FT: 90%
Sep 13 2026 - 12:30pm,Norway,Eliteserien,Viking,Kristiansund,90,75,63,42,90,1.25,5.5,7.6,1.36,1.67,Over 1.5 FT: 90%
Sep 13 2026 - 9:30am,Japan,Chugoku Soccer League,Variamore Aki,SRC Hiroshima,90,74,67,7,90,,,,,,Over 1.5 FT: 90%
Sep 13 2026 - 9:30am,Estonia,Esiliiga,Maardu Linnameeskond,Tallinna Kalev,90,72,68,54,90,2.3,4.2,2.3,1.2,1.22,Over 1.5 FT: 90%
Sep 13 2026 - 2:00pm,Slovakia,3 Liga West,Častkovce,Rača,90,70,90,0,90,1.95,3.7,3.0,1.6,,BTTS: 90% | Over 1.5 FT: 90%
Sep 13 2026 - 1:00pm,Germany,Oberliga Westfalen,Victoria Clarholz,Gievenbeck,90,70,80,10,90,2.24,3.93,2.36,,,Over 1.5 FT: 90%
Sep 13 2026 - 1:00pm,Germany,Oberliga Westfalen,ASC Dortmund,Schermbeck,90,70,70,10,90,1.74,4.04,3.46,,,Over 1.5 FT: 90%
Sep 13 2026 - 1:00pm,Germany,State Leagues Westfalen 1,Kaunitz,Grün-Weiß Nottuln,90,70,70,0,90,,,,,,Over 1.5 FT: 90%
Sep 13 2026 - 3:00pm,Norway,First Division,Sogndal,Strømmen,90,70,60,55,90,1.91,4.35,3.2,1.33,1.36,Over 1.5 FT: 90%
Sep 13 2026 - 5:00pm,Guatemala,Primera División de Ascenso,Chiquimulilla,Sayaxché,90,70,60,20,90,,,,,,Over 1.5 FT: 90%
Sep 13 2026 - 1:00pm,Germany,State Leagues Rheinland,SG Betzdorf,Immendorf,90,70,60,0,90,,,,,,Over 1.5 FT: 90%
Sep 13 2026 - 9:00am,Slovakia,3 Liga East,Slávia TU Košice,Poprad,90,70,50,0,90,1.8,3.75,3.85,1.68,1.65,Over 1.5 FT: 90%
Sep 13 2026 - 1:00pm,Germany,State Leagues Bayern Nordwest,Hain,Coburg,90,70,50,0,90,,,,,,Over 1.5 FT: 90%
Sep 13 2026 - 1:30pm,Slovakia,4 Liga Center,Tatran Turzovka,Nová Baňa,90,70,50,0,90,,,,,,Over 1.5 FT: 90%
Sep 13 2026 - 2:00pm,Slovakia,4 Liga Bratislava,Jakubov,Rovinka,90,70,50,0,90,,,,,,Over 1.5 FT: 90%
Sep 13 2026 - 2:30pm,Sweden,Allsvenskan,Malmö FF,Örgryte,90,70,45,40,90,1.36,4.8,6.0,1.4,1.64,Over 1.5 FT: 90%
Sep 13 2026 - 6:00pm,Brazil,Gaúcho Women,Juventude Salomé Goulart W,Vida SAF W,90,70,20,10,90,,,,,,Over 1.5 FT: 90%
Sep 13 2026 - 2:00pm,Sweden,Division 2 Norra Svealand,Skiljebo,Korsnäs,90,68,70,43,90,1.27,5.3,8.5,,,Over 1.5 FT: 90%
Sep 13 2026 - 12:00pm,Germany,Oberliga Bremen,Hemelingen,Schwachhausen,90,68,45,55,90,1.27,5.47,7.1,,,Over 1.5 FT: 90%
Sep 13 2026 - 1:00pm,Germany,State Leagues Westfalen 1,Peckeloh,SuS Neuenkirchen,90,60,70,0,90,,,,,,Over 1.5 FT: 90%
Sep 13 2026 - 1:00pm,Germany,Oberliga Westfalen,Westfalia Kinderhaus,RW Maaslingen,90,60,60,30,90,,,,,,Over 1.5 FT: 90%
Sep 13 2026 - 2:00pm,Slovakia,4 Liga Bratislava,Malinovo,Sl. Ivanka pri Dunaji,90,60,40,0,90,,,,,,Over 1.5 FT: 90%
Sep 13 2026 - 6:18pm,Guatemala,Primera División de Ascenso,Juventud Copalera,Quiché,90,58,58,20,90,,,,,,Over 1.5 FT: 90%
Sep 13 2026 - 8:00am,South Korea,K3 League,Dangjin Citizen,Busan Transportation,90,52,79,37,90,2.3,3.3,2.62,1.74,1.62,Over 1.5 FT: 90%
Sep 13 2026 - 1:00pm,Austria,Landesliga Niederösterreich,Admira II,Ortmann,90,50,50,0,90,1.5,4.3,5.0,,,Over 1.5 FT: 90%
Sep 13 2026 - 1:30pm,Slovakia,4 Liga Center,Kováčová,Partizán Osrblie,90,50,50,0,90,,,,,,Over 1.5 FT: 90%
Sep 13 2026 - 6:00pm,Norway,3. Division Group 2,Ranheim II,Byåsen,89,84,75,64,89,1.73,4.3,3.05,1.13,1.13,Over 2.5: 84%
Sep 13 2026 - 10:00am,Finland,A Junior League,TiPS U21,TPS U21,89,83,73,29,89,,,,,,Over 2.5: 83%
Sep 13 2026 - 4:00am,Japan,Tohoku Soccer League,Blancdieu Hirosaki,Bogolle D. Tsugaru,89,81,39,8,89,,,,,,Over 2.5: 81%
Sep 13 2026 - 12:30pm,Norway,2 Division Group 2,Kjelsås,Stjørdals-Blink,89,78,78,42,89,1.28,5.35,7.0,1.31,1.54,Over 1.5 FT: 89%
Sep 13 2026 - 8:00pm,El Salvador,Reserve League,Luis Ángel Firpo U20,Isidro Metapán U20,89,73,84,6,89,2.75,3.45,2.22,,,BTTS: 84% | Over 1.5 FT: 89%
Sep 13 2026 - 6:00pm,USA,MLS Next Pro,Chicago Fire II,Philadelphia Union II,89,73,56,45,89,,,,1.18,1.22,Over 1.5 FT: 89%
Sep 13 2026 - 1:00pm,Russia,Second League B Group 1,Dinamo-Dagestan,Neftyanik Ufa,89,73,55,34,89,1.97,3.0,4.05,,,Over 1.5 FT: 89%
Sep 13 2026 - 12:00pm,Norway,2 Division Group 2,Tromsdalen,Trygg/Lade,89,72,71,49,89,1.5,4.7,5.2,1.35,1.44,Over 1.5 FT: 89%
Sep 14 2026 - 12:00am,USA,MLS Next Pro,Sporting KC II,Los Angeles II,89,72,65,60,89,3.3,4.4,1.68,1.3,1.34,Over 1.5 FT: 89%
Sep 13 2026 - 6:00pm,El Salvador,Reserve League,Cacahuatique U20,Inter U20,89,72,60,6,89,,,,,,Over 1.5 FT: 89%
Sep 13 2026 - 3:00pm,Norway,Eliteserien,HamKam,Molde,89,67,73,45,89,4.15,4.3,1.67,1.48,1.46,Over 1.5 FT: 89%
Sep 13 2026 - 3:00pm,Norway,Eliteserien,Start,Brann,89,61,67,61,89,2.9,4.0,1.95,1.57,1.48,Over 1.5 FT: 89%
Sep 13 2026 - 9:30am,Estonia,Esiliiga,FC Tallinn,Tallinna FC Levadia U21,89,61,61,44,89,3.0,3.9,1.91,1.28,1.3,Over 1.5 FT: 89%
Sep 13 2026 - 2:00pm,Lithuania,A Lyga,FA Šiauliai,Hegelmann Litauen,89,59,49,52,89,2.5,3.25,2.4,1.58,1.47,Over 1.5 FT: 89%
Sep 14 2026 - 12:30am,USA,MLS Next Pro,Austin II,Colorado Rapids II,89,58,58,46,89,,,,1.7,1.73,Over 1.5 FT: 89%
Sep 13 2026 - 8:30am,Slovakia,2. Liga,Malženice,Tatran Prešov,88,88,88,59,88,2.8,3.2,2.2,1.8,1.66,Over 2.5: 88% | BTTS: 88%
Sep 13 2026 - 1:00pm,Germany,State Leagues Niederrhein 2,Eller,Bergisch Born,88,88,75,0,88,,,,,,Over 2.5: 88%
Sep 13 2026 - 1:30pm,Germany,State Leagues Niederrhein 2,Kosova Düsseldorf,Kapellen-Erft,88,88,75,0,88,,,,,,Over 2.5: 88%
Sep 13 2026 - 8:15am,Czech Republic,FNL,Slavia Praha U21,Viktoria Žižkov,88,88,63,50,88,2.0,3.2,3.1,1.52,1.5,Over 2.5: 88%
Sep 13 2026 - 12:00pm,Germany,Oberliga Schleswig Holstein,TSB Flensburg,Eckernförder SV,88,88,63,50,88,,,,,,Over 2.5: 88%
Sep 13 2026 - 10:00am,Poland,4 Liga Zachodniopomorska,Świt II,Pogoń Szczecin II,88,88,63,38,88,8.65,6.2,1.23,1.2,,Over 2.5: 88%
Sep 13 2026 - 1:30pm,Slovakia,4 Liga East,Čaňa,Sobrance Sobranecko,88,88,50,0,88,,,,,,Over 2.5: 88%
Sep 13 2026 - 2:30pm,Slovakia,4 Liga East,Sokol Ľubotice,Slovan Kendice,88,88,50,0,88,,,,,,Over 2.5: 88%
Sep 13 2026 - 2:00pm,Austria,Landesliga Salzburg,Straßwalchen,Bramberg,88,88,38,0,88,,,,,,Over 2.5: 88%
Sep 14 2026 - 12:30am,Puerto Rico,Liga Puerto Rico,PR Surf,Taurinos,88,88,38,0,88,,,,,,Over 2.5: 88%
Sep 13 2026 - 12:00pm,Faroe Islands,1. Deild Women,KÍ W,HB W,88,82,25,49,88,,,,,,Over 2.5: 82%
Sep 13 2026 - 1:00pm,Germany,Oberliga Niederrhein,Schwarz-Weiß Essen,Uerdingen,88,75,88,38,88,,,,,,BTTS: 88% | Over 1.5 FT: 88%
Sep 13 2026 - 1:00pm,Germany,State Leagues Südbaden,Rielasingen-Arlen,Hausen,88,75,88,0,88,,,,,,BTTS: 88% | Over 1.5 FT: 88%
Sep 13 2026 - 1:30pm,Germany,State Leagues Saarland,FV Bischmisheim,Sportfreunde Kollerbach,88,75,76,0,88,,,,,,Over 1.5 FT: 88%
Sep 13 2026 - 1:30pm,Germany,State Leagues Niederrhein 1,Arminia Klosterhardt,Victoria Mennrath,88,75,75,0,88,,,,,,Over 1.5 FT: 88%
Sep 13 2026 - 12:30pm,Poland,2. Liga,Avia Świdnik,Rekord Bielsko-Biała W,88,75,63,38,88,2.0,3.4,3.0,1.68,1.58,Over 1.5 FT: 88%
Sep 13 2026 - 1:30pm,Germany,State Leagues Niederrhein 2,Union Solingen,Rellinghausen,88,75,63,0,88,,,,,,Over 1.5 FT: 88%
Sep 13 2026 - 2:00pm,Bulgaria,Third League Northeast,Svetkavitsa 14,Ludogorets III,88,75,63,0,88,,,,,,Over 1.5 FT: 88%
Sep 13 2026 - 8:30am,Slovakia,2. Liga,Slovan Bratislava II,MFK Bytča,88,75,59,34,88,1.4,4.4,6.0,1.57,1.67,Over 1.5 FT: 88%
Sep 13 2026 - 3:00pm,Slovenia,3. SNL,Rudar Trbovlje,Dob,88,75,50,25,88,,,,,,Over 1.5 FT: 88%
Sep 13 2026 - 12:30pm,Faroe Islands,1. Deild Women,Skála W,Víkingur W,88,75,25,38,88,,,,,,Over 1.5 FT: 88%
Sep 13 2026 - 2:00pm,Bulgaria,Second League,CSKA Sofia II,Montana,88,71,88,71,88,1.87,3.45,3.5,1.73,1.62,BTTS: 88% | Over 1.5 FT: 88%
Sep 13 2026 - 1:15pm,Germany,State Leagues Saarland,Marpingen-Urexweiler,Freisen,88,69,51,0,88,,,,,,Over 1.5 FT: 88%
Sep 13 2026 - 12:00pm,Sweden,Division 2 Norra Gotaland,Ahlafors,Husqvarna,88,68,63,55,88,2.85,3.6,2.15,,,Over 1.5 FT: 88%
Sep 13 2026 - 1:45pm,Sweden,Division 2 Norra Svealand,Lidingö,Helges,88,68,58,35,88,1.83,4.2,3.4,1.35,1.39,Over 1.5 FT: 88%
Sep 13 2026 - 1:00pm,Russia,Second League B Group 4,Pobeda Nizhny Novgorod,Khimik Dzerzhinsk,88,67,58,44,88,6.14,4.0,1.48,,,Over 1.5 FT: 88%
Sep 13 2026 - 4:00am,Japan,Tokai Soccer League,Hokkaido Tokachi,Sapporo University FC,88,67,34,13,88,,,,,,Over 1.5 FT: 88%
Sep 13 2026 - 6:00am,Australia,Capital Territory NPL Women,Canberra Women,Belconnen United Women,88,65,27,17,88,,,,,,Over 1.5 FT: 88%
Sep 13 2026 - 1:00pm,Czech Republic,First League,Viktoria Plzeň,Sigma Olomouc,88,63,88,13,88,1.59,3.95,5.04,1.64,1.65,BTTS: 88% | Over 1.5 FT: 88%
Sep 13 2026 - 12:45pm,Poland,Ekstraklasa,Pogoń Szczecin,Wieczysta Kraków,88,63,75,38,88,,,,1.65,1.57,Over 1.5 FT: 88%
Sep 13 2026 - 1:00pm,Germany,State Leagues Niederrhein 1,1. FC Lintfort,Homberg,88,63,75,0,88,,,,,,Over 1.5 FT: 88%
Sep 13 2026 - 1:30pm,Germany,State Leagues Niederrhein 2,TSV Solingen,Kray,88,63,63,0,88,,,,,,Over 1.5 FT: 88%
Sep 13 2026 - 12:15pm,Bulgaria,First League,Slavia Sofia,Spartak Varna,88,63,54,46,88,2.0,3.1,3.7,2.17,1.9,Over 1.5 FT: 88%
Sep 13 2026 - 1:00pm,Germany,Oberliga Niederrhein,Monheim,Fortuna Düsseldorf II,88,63,38,50,88,,,,,,Over 1.5 FT: 88%
Sep 13 2026 - 11:00am,Sweden,Ettan North,Umeå,Stockholm Internazionale,88,60,55,33,88,6.1,4.2,1.39,1.55,1.75,Over 1.5 FT: 88%
Sep 13 2026 - 2:00pm,Sweden,Damallsvenskan,Växjö,Hammarby,88,58,41,47,88,,,,1.26,1.7,Over 1.5 FT: 88%
Sep 13 2026 - 8:30pm,Brazil,Serie A,Flamengo,Corinthians,88,46,50,29,88,1.32,4.9,9.0,1.89,2.15,Over 1.5 FT: 88%
Sep 13 2026 - 6:30pm,Malta,Maltese Premier League,Mosta,Sliema Wanderers,88,38,50,25,88,,,,2.02,1.88,Over 1.5 FT: 88%
Sep 13 2026 - 2:00pm,Iceland,Úrvalsdeild,Stjarnan,ÍBV,87,73,78,59,87,1.67,4.0,3.52,1.27,1.3,Over 1.5 FT: 87%
Sep 13 2026 - 11:30am,China,China League One,Meizhou Hakka,Nanjing City,87,59,63,44,87,2.6,3.4,2.55,1.79,1.62,Over 1.5 FT: 87%
Sep 13 2026 - 11:30am,Faroe Islands,1. Deild,HB II,TB,87,55,59,46,87,,,,,,Over 1.5 FT: 87%
Sep 13 2026 - 9:00am,Romania,Liga de Tineret,FCSB U18,Voluntari U18,86,86,57,0,86,,,,,,Over 2.5: 86%
Sep 13 2026 - 9:00am,Romania,Liga de Tineret,Viitorul Cluj U18,Csikszereda U18,86,79,64,0,86,,,,,,Over 1.5 FT: 86%
Sep 13 2026 - 3:30pm,Finland,Ykkönen Women,HJK II,KTP W,86,77,64,48,86,,,,,,Over 1.5 FT: 86%
Sep 13 2026 - 2:00pm,Finland,Naisten Liiga Women,Åland United W,KuPS W,86,75,70,50,86,,,,,,Over 1.5 FT: 86%
Sep 13 2026 - 11:00am,Norway,Toppserien,Haugesund W,Trondheims-Ørn,86,72,71,43,86,,,,,,Over 1.5 FT: 86%
Sep 13 2026 - 9:00am,Romania,Liga de Tineret,Sport Team U18,Concordia Chiajna U18,86,72,57,0,86,,,,,,Over 1.5 FT: 86%
Sep 13 2026 - 9:00am,Romania,Liga de Tineret,Kids Tâmpa U18,Hermannstadt U18,86,72,57,0,86,,,,,,Over 1.5 FT: 86%
Sep 13 2026 - 9:00am,Romania,Liga de Tineret,Botoșani U18,Dinamo 1948 U18,86,71,50,0,86,,,,,,Over 1.5 FT: 86%
Sep 13 2026 - 8:00am,Russia,Second League B Group 4,Ural II,Orenburg II,86,67,63,52,86,2.37,3.65,2.47,1.4,1.4,Over 1.5 FT: 86%
Sep 13 2026 - 8:15am,Czech Republic,3. Liga MSFL,Havířov,Unie Hlubina,86,65,65,57,86,,,,1.53,1.45,Over 1.5 FT: 86%
Sep 13 2026 - 8:15am,Czech Republic,3. Liga MSFL,Uničov,Sigma Olomouc II,86,64,50,50,86,,,,1.72,1.58,Over 1.5 FT: 86%
Sep 13 2026 - 9:00am,Romania,Liga de Tineret,CSA Steaua Bucureşti U18,CS Dinamo U18,86,58,65,0,86,,,,,,Over 1.5 FT: 86%
Sep 13 2026 - 9:00am,Romania,Liga de Tineret,U Craiova U18,Petrolul 52 U18,86,50,64,0,86,,,,,,Over 1.5 FT: 86%
Sep 13 2026 - 8:15pm,Peru,Segunda División,Universidad San Martín,Academia Cantolao,86,48,40,41,86,1.32,4.45,7.3,1.75,,Over 1.5 FT: 86%
Sep 13 2026 - 10:00pm,Costa Rica,Primera División FPD,Sporting San José,Deportivo Saprissa,86,43,50,22,86,2.9,3.1,2.41,2.1,1.78,Over 1.5 FT: 86%
Sep 13 2026 - 11:00pm,USA,MLS Next Pro,Orlando City II,Toronto II,85,81,69,49,85,2.06,3.85,2.9,1.32,1.32,Over 2.5: 81%
Sep 13 2026 - 9:00am,Japan,J3 League,Matsumoto Yamaga,Sagamihara,84,84,84,67,84,2.25,3.1,2.8,2.0,1.75,Over 2.5: 84% | BTTS: 84%
Sep 13 2026 - 11:00am,England,Championship,Sheffield United,Wolverhampton Wanderers,84,84,84,67,84,3.55,3.5,2.04,1.74,1.59,Over 2.5: 84% | BTTS: 84%
Sep 13 2026 - 11:00am,Denmark,3. Division,Holstebro,Frem,84,84,84,50,84,,,,1.57,1.45,Over 2.5: 84% | BTTS: 84%
Sep 13 2026 - 1:00pm,France,Championnat National U19,C' Chartres U19,Dunkerque U19,84,84,84,50,84,,,,,,Over 2.5: 84% | BTTS: 84%
Sep 13 2026 - 10:00am,Republic of Ireland,Leinster Senior League,Lucan United,Kilbarrack United,84,84,84,34,84,,,,,,Over 2.5: 84% | BTTS: 84%
Sep 13 2026 - 8:00am,Romania,Liga II,Chindia Târgovişte,Viitorul Şelimbăr,84,84,84,0,84,1.48,4.1,5.25,1.73,1.85,Over 2.5: 84% | BTTS: 84%
Sep 13 2026 - 1:00pm,Belgium,Second Amateur Division : ACFF,Ganshoren,Crossing Schaerbeek-Evere,84,84,84,0,84,,,,,,Over 2.5: 84% | BTTS: 84%
Sep 13 2026 - 8:15am,Czech Republic,3. Liga CFL,Dukla Praha II,Admira Praha,84,84,67,84,84,2.21,3.5,2.75,1.49,1.44,Over 2.5: 84% | Over 1.5 HT: 84%
Sep 13 2026 - 1:00pm,England,Womens National League Premier Division North,Peterborough United W,Loughborough Lightning W,84,84,67,67,84,,,,,,Over 2.5: 84%
Sep 13 2026 - 11:00am,Germany,Oberliga Hamburg,TBS Pinneberg,Vorwärts-Wacker 04,84,84,67,34,84,,,,,,Over 2.5: 84%
Sep 13 2026 - 3:00pm,Croatia,3. HNL East,Tomislav,Sloga Nova Gradiška,84,84,67,0,84,,,,,,Over 2.5: 84%
Sep 13 2026 - 3:00pm,Czech Republic,4. Liga Division C,Dvůr Králové,Ústí nad Orlicí,84,84,59,67,84,2.95,3.8,2.0,1.44,1.4,Over 2.5: 84%
Sep 13 2026 - 9:00am,Japan,J3 League,Ryūkyū,Kamatamare Sanuki,84,84,59,25,84,1.95,3.3,3.3,1.92,1.71,Over 2.5: 84%
Sep 13 2026 - 11:00am,Germany,U19 Bundesliga,Stuttgarter Kickers U19,Ulm U19,84,84,59,25,84,2.04,4.27,2.59,,,Over 2.5: 84%
Sep 13 2026 - 10:30am,Scotland,Womens Championship,Rossvale W,Morton Girls,84,84,59,0,84,,,,,,Over 2.5: 84%
Sep 13 2026 - 9:30am,Denmark,Elitedivisionen,KoldingQ,ASA W,84,84,50,67,84,,,,,,Over 2.5: 84%
Sep 13 2026 - 5:00pm,Slovakia,Super Liga,Slovan Bratislava,Žilina,84,84,50,50,84,1.6,3.9,4.15,1.44,1.5,Over 2.5: 84%
Sep 13 2026 - 11:30am,Germany,Regionalliga Women West,Rhade,Südwest Köln W,84,84,50,0,84,,,,,,Over 2.5: 84%
Sep 13 2026 - 12:00pm,Germany,State Leagues Bremen,Hastedt,1.FC Burg Bremen,84,84,50,0,84,,,,,,Over 2.5: 84%
Sep 13 2026 - 12:30pm,Germany,State Leagues Bremen,Huchting,FUMS United,84,84,50,0,84,,,,,,Over 2.5: 84%
Sep 13 2026 - 1:00pm,England,Womens National League Premier Division South,Swindon Town,Fulham W,84,84,50,0,84,,,,,,Over 2.5: 84%
Sep 13 2026 - 1:30pm,Germany,State Leagues Bremen,SC Borgfeld,Buntentor,84,84,50,0,84,,,,,,Over 2.5: 84%
Sep 13 2026 - 3:00pm,Germany,Regionalliga Women West,Wacker Mecklenbeck W,Gütersloh,84,84,50,0,84,,,,,,Over 2.5: 84%
Sep 13 2026 - 1:00pm,England,Womens National League Division Midlands,Wythenshawe W,Sporting Khalsa W,84,84,34,17,84,,,,,,Over 2.5: 84%
Sep 13 2026 - 1:00pm,England,Womens National League Division One South West,Ascot United W,Bournemouth Sports W,84,84,34,17,84,,,,,,Over 2.5: 84%
Sep 13 2026 - 1:00pm,England,Womens National League Division One South West,Marine Academy Plymouth W,Bridgwater United W,84,84,34,0,84,,,,,,Over 2.5: 84%
Sep 13 2026 - 3:00pm,Poland,II Liga Women,Medyk Konin II,LFA Szczecin W,84,84,34,0,84,,,,,,Over 2.5: 84%
Sep 13 2026 - 12:00pm,Germany,Regionalliga Women West,Bayer Leverkusen II,Essen-Schönebeck II,84,84,33,0,84,,,,,,Over 2.5: 84%
Sep 13 2026 - 11:00am,Germany,Regionalliga Women West,Arminia Bielefeld Women,Rhenania Bottrop W,84,84,17,0,84,,,,,,Over 2.5: 84%
Sep 13 2026 - 10:00am,Romania,Liga II,Metalul Buzău,Unirea Slobozia,84,67,84,42,84,1.8,3.35,3.89,1.91,1.81,BTTS: 84%
Sep 13 2026 - 1:00pm,France,Championnat National U19,Quevilly U19,Orléans U19,84,67,84,17,84,1.7,3.9,3.75,1.53,,BTTS: 84%
Sep 13 2026 - 12:30pm,Germany,State Leagues Berlin,Croatia Berlin,Berlin Türkspor,84,67,84,0,84,,,,,,BTTS: 84%
Sep 13 2026 - 1:00pm,France,Championnat National U19,Caen U19,Lens U19,84,67,84,0,84,,,,,,BTTS: 84%
Sep 13 2026 - 3:00pm,Germany,Regionalliga Women West,Schalke 04 W,Fortuna Freudenberg W,84,67,84,0,84,,,,,,BTTS: 84%
Sep 13 2026 - 12:00pm,Switzerland,Nationalliga A Women,Young Boys W,St. Gallen W,84,59,84,59,84,,,,,,BTTS: 84%
Sep 13 2026 - 2:00pm,Portugal,Campeonato de Portugal Group D,Vitória Setúbal,Juventude Évora,84,59,84,59,84,,,,2.2,,BTTS: 84%
Sep 13 2026 - 8:00am,Serbia,U19 League,Bačka Topola U19,Crvena Zvezda U19,84,59,84,42,84,,,,,,BTTS: 84%
Sep 13 2026 - 2:00pm,Portugal,Campeonato de Portugal Group C,Benfica Castelo Branco,AD Nogueirense,84,50,84,84,84,2.6,3.2,2.8,2.25,1.9,BTTS: 84% | Over 1.5 HT: 84%
Sep 13 2026 - 12:00pm,Denmark,Superliga,Lyngby,SønderjyskE,84,50,84,34,84,1.64,4.2,4.6,1.6,1.65,BTTS: 84%
Sep 13 2026 - 12:00pm,Denmark,2nd Division,Brabrand,Roskilde,84,50,84,34,84,3.5,3.55,1.8,1.68,1.57,BTTS: 84%
Sep 13 2026 - 1:00pm,France,National 2 Group A,Bastia-Borgo,Racing Colombes 92,84,50,84,17,84,,,,,,BTTS: 84%
Sep 13 2026 - 1:00pm,Belgium,Second Amateur Division : ACFF,Aywaille,AS Eupen II,84,50,84,0,84,,,,1.8,,BTTS: 84%
Sep 13 2026 - 12:00pm,Germany,Regionalliga Südwest,VfR Mannheim,Aalen,84,42,84,59,84,,,,,,BTTS: 84%
Sep 13 2026 - 2:00pm,Portugal,Campeonato de Portugal Group D,Lagoa,FC Serpa,84,42,84,25,84,2.25,3.0,3.0,1.98,1.73,BTTS: 84%
